Date,Close,High,Low,Open,Volume
2015-01-02,24.192602157592773,24.65950423811587,23.754465939878138,24.648439535677543,212818400
2015-01-05,23.511064529418945,24.042138324672056,23.325189629610737,23.962477170972235,257142000
2015-01-06,23.513273239135742,23.772171094232995,23.152584838795235,23.575231527032173,263188400
2015-01-07,23.842979431152344,23.94255500406204,23.610634176714214,23.72127445249682,160423600
2015-01-08,24.75908088684082,24.816614303203295,24.05319538405384,24.170475495010283,237458000
2015-01-09,24.785633087158203,25.06002047662429,24.387327450645735,24.931677361721775,214798000
2015-01-12,24.174901962280273,24.9228296715174,24.075326382352763,24.916191524620462,198603200
2015-01-13,24.389541625976562,24.960445829902344,24.099664655994744,24.65729087939062,268367600
2015-01-14,24.296606063842773,24.449288501616856,24.008940661725582,24.128432366224875,195826400
2015-01-15,23.637189865112305,24.354138422379428,23.601785852626346,24.340862128726783,240056000
2015-01-16,23.45351791381836,23.805354759571443,23.27870612970956,23.683649818661486,314053200
2015-01-20,24.057621002197266,24.11294113817059,23.566377924636292,23.862893043099756,199599600
2015-01-21,24.241291046142578,24.575423545445133,23.95805045253569,24.10852133204305,194303600
2015-01-22,24.871936798095703,24.88742637071064,24.27890479360892,24.398396505882765,215185600
2015-01-23,25.000280380249023,25.17066568204172,24.67942253004134,24.849809520070863,185859200
2015-01-26,25.026826858520508,25.30564079070656,24.960443714443343,25.168446258435488,222460000
2015-01-27,24.150556564331055,24.88963440186182,24.126215571319666,24.8763564222506,382274800
2015-01-28,25.515865325927734,26.13766495700858,25.515865325927734,26.029236247987182,585908400
2015-01-29,26.310260772705078,26.37443234220827,25.571182772424184,25.739356482562314,337745600
2015-01-30,25.92523193359375,26.553667930939003,25.85663381010451,26.1996193628405,334982000
2015-02-02,26.250513076782227,26.370004785647765,25.68624864341562,26.122171630877833,250956400
2015-02-03,26.25493621826172,26.352298507154856,26.02480425574212,26.2217437998551,207662800
2015-02-04,26.45631217956543,26.666529795751444,26.17971138582378,26.221755246708433,280598800
2015-02-05,26.645137786865234,26.709562617574388,26.491851062250362,26.662908809726655,168984800
2015-02-06,26.42075538635254,26.713998377671132,26.314120800918854,26.662902250403082,174826400
2015-02-09,26.596261978149414,26.622919358205184,26.30968327825307,26.336342353208384,155559200
2015-02-10,27.10721778869629,27.1360988800661,26.694013099240877,26.69623341788492,248034000
2015-02-11,27.742572784423828,27.75145914200605,27.213847220027088,27.273828015082834,294247200
2015-02-12,28.09357452392578,28.320172390844654,27.89585774106676,28.004712648563466,297898000
2015-02-13,28.2313175201416,28.27574762139696,27.913637380956622,28.27574762139696,217088800
2015-02-17,28.39792823791504,28.631190468113697,28.195767412422946,28.32239504441379,252609600
2015-02-18,28.595645904541016,28.608974594134033,28.313509545559175,28.353497309237724,179566800
2015-02-19,28.535667419433594,28.664517086594802,28.509010036503504,28.542331765166118,149449600
2015-02-20,28.768932342529297,28.768932342529297,28.446809839820006,28.573435810214793,195793600
2015-02-23,29.546470642089844,29.546470642089844,28.804477380870498,28.884452925719273,283896400
2015-02-24,29.362083435058594,29.679765305901768,29.139929513277295,29.53314290397415,276912400
2015-02-25,28.611194610595703,29.235449814940566,28.469016273438623,29.22656176210634,298846800
2015-02-26,28.973310470581055,29.073279044996656,28.12690467616986,28.611198538351825,365150000
2015-02-27,28.53788948059082,29.00663431225127,28.489015354840497,28.880004971043817,248059200
2015-03-02,28.67783546447754,28.942199049457813,28.5023354403048,28.713380888800554,192386800
2015-03-03,28.737829208374023,28.77337464662942,28.45569280064609,28.648969002535093,151265200
2015-03-04,28.5556583404541,28.78225624796574,28.506787605303753,28.680067361107007,126665200
2015-03-05,28.08247184753418,28.60231109584079,27.938071491371385,28.56454534427654,226068400
2015-03-06,28.124679565429688,28.740045038751425,28.049148063282413,28.524555513955516,291368400
2015-03-09,28.244647979736328,28.784483743692554,27.782567440194263,28.426814118126977,354114000
2015-03-10,27.660385131835938,28.262422053347034,27.50265605157878,28.08247792000716,275426400
2015-03-11,27.15609359741211,27.718142720878983,27.127214199155254,27.713700388416324,275756000
2015-03-12,27.647050857543945,27.747021124712568,27.020576957239324,27.17164166982553,193450800
2015-03-13,27.455995559692383,27.858095210772237,27.231621374752795,27.635941344171023,207309200
2015-03-16,27.758127212524414,27.758127212524414,27.296048420518424,27.520422623715213,143497200
2015-03-17,28.222427368164062,28.284630179522154,27.91363362970817,27.969172096263538,204092400
2015-03-18,28.54010772705078,28.693394438520734,28.073584942676437,28.21354126951889,261083600
2015-03-19,28.324621200561523,28.713390511157467,28.30240615036455,28.60231356527291,183238000
2015-03-20,27.969167709350586,28.524550592893988,27.80477434870335,28.491228874106813,274780400
2015-03-23,28.26019287109375,28.402371208638087,28.106906162375846,28.240199836860707,150838800
2015-03-24,28.144670486450195,28.444576136086017,28.115789402561358,28.264633763244095,131369200
2015-03-25,27.409347534179688,28.173557491497697,27.409347534179688,28.111354670767113,206620800
2015-03-26,27.60039710998535,27.74257545518956,27.236064888537122,27.27161032228796,190291600
2015-03-27,27.380462646484375,27.70258505848325,27.304931149287167,27.67370566747833,158184800
2015-03-30,28.07358741760254,28.080251763054054,27.54708209323727,27.55819046558957,188398800
2015-03-31,27.64260482788086,28.100241236455535,27.62705412549918,28.011379353603317,168362400
2015-04-01,27.602615356445312,27.795889812565672,27.347138094649253,27.729242980827802,162485600
2015-04-02,27.840328216552734,27.893644680923035,27.58929490586355,27.775903378609527,128880400
2015-04-06,28.291297912597656,28.3268433490019,27.620393902014577,27.651495311418447,148776000
2015-04-07,27.993606567382812,28.462349622438023,27.98694222319662,28.3557167256603,140049200
2015-04-08,27.90252685546875,28.08025063657794,27.762570521902486,27.958065325202924,149316800
2015-04-09,28.115781784057617,28.12022580878984,27.69369095903319,27.95805280404028,129936000
2015-04-10,28.235755920410156,28.260192981167595,27.82699362210292,27.98027863651839,160752000
2015-04-13,28.180217742919922,28.562324360961306,28.1269012893116,28.51789087563862,145460400
2015-04-14,28.05803680419922,28.277968679310423,27.97139692324936,28.213543848237514,102098400
2015-04-15,28.164670944213867,28.24242446960834,27.99361318834602,28.082475086611023,115881600
2015-04-16,28.029151916503906,28.23575507267787,28.015823227363466,28.053588976527664,113476000
2015-04-17,27.713695526123047,28.022489272545602,27.649270699868765,27.891419301645175,207828000
2015-04-20,28.346834182739258,28.46235345227572,27.80700019732746,27.8958620865322,188217200
2015-04-21,28.19355010986328,28.48012712747022,28.140231957606513,28.457913773045995,129740400
2015-04-22,28.573423385620117,28.62896184089604,28.062470614021137,28.21131326738481,150618000
2015-04-23,28.806690216064453,28.973305608731458,28.466795086207675,28.502340516861693,183083600
2015-04-24,28.942201614379883,29.01995681325253,28.70893940756047,28.988855411663177,178103600
2015-04-27,29.468713760375977,29.57535007404952,29.135482907195097,29.393182247206862,387816800
2015-04-28,29.004419326782227,29.88859110342873,28.784489084562782,29.870821770356685,475696000
2015-04-29,28.577871322631836,29.233224506626065,28.502339826670195,28.91554612607042,253544400
2015-04-30,27.80255699157715,28.577873518344195,27.675929354283394,28.577873518344195,332781600
2015-05-01,28.64674186706543,28.90888520558984,27.835881568938238,28.013603654255334,234050400
2015-05-04,28.591201782226562,29.00663181534385,28.49345353914014,28.768925552401967,203953200
2015-05-05,27.94696044921875,28.535666910420105,27.942516422209852,28.46902006448425,197085600
2015-05-06,27.771455764770508,28.1580030240195,27.40490154027082,28.115793246349376,288564000
2015-05-07,27.94322967529297,28.126156702399538,27.66660698885533,27.833918356403263,175763600
2015-05-08,28.469697952270508,28.469697952270508,28.132843981101665,28.260000530194958,222201600
2015-05-11,28.1796932220459,28.456314180575312,28.02576623369674,28.418390682627546,168143200
2015-05-12,28.079309463500977,28.304620877619083,27.845072870312944,28.01907641863355,192640000
2015-05-13,28.11054039001465,28.373777003589282,28.079309071622678,28.141771708406623,138776800
2015-05-14,28.766403198242188,28.766403198242188,28.367088193902088,28.422858655086724,180814000
2015-05-15,28.726247787475586,28.886866975073346,28.601322509112556,28.793173016301076,152832000
2015-05-18,29.04302215576172,29.161255245868418,28.634782024202263,28.63924461362847,203531600
2015-05-19,29.016254425048828,29.196950157503426,28.920327470857302,29.154564066392645,178532800
2015-05-20,29.01402473449707,29.219259627089205,28.85340553091038,29.000640368191327,145819600
2015-05-21,29.310726165771484,29.3642670389056,28.96271900029755,29.016259873431665,158921600
2015-05-22,29.5672607421875,29.66318768776386,29.312947622321087,29.357566706193726,182384000
2015-05-26,28.915863037109375,29.649804096047635,28.804322132440436,29.580649279786215,282790400
2015-05-27,29.455726623535156,29.504804903930342,29.01179591081366,29.07648815099333,183332800
2015-05-28,29.39772605895996,29.435649565163274,29.246032034146715,29.415573015518973,122933200
2015-05-29,29.063095092773438,29.32410037647806,28.978322923995577,29.275022110760137,203538000
2015-06-01,29.121095657348633,29.310716542310313,29.01178775769887,29.063095616798922,128451200
2015-06-02,28.991714477539062,29.147871068876178,28.848942250608214,28.96940493422302,134670400
2015-06-03,29.027406692504883,29.210335427396807,28.978328417483077,29.147872787179708,123934000
2015-06-04,28.85787010192871,29.13003024869071,28.757483943785804,28.90694838439131,153800400
2015-06-05,28.69947624206543,28.93148325289006,28.634784008714654,28.88909716029949,142507200
2015-06-08,28.509859085083008,28.824405288183716,28.293469433641413,28.75524706027214,210699200
2015-06-09,28.42508888244629,28.572323720209546,28.02354257414362,28.264469678333445,224301600
2015-06-10,28.750778198242188,28.853393901198306,28.521002556737663,28.53661821179343,156349200
2015-06-11,28.68609046936035,29.04078974685961,28.661551332957096,28.817707926451256,141563600
2015-06-12,28.369314193725586,28.6280899177964,28.35592982936992,28.596858599647057,147544800
2015-06-15,28.313549041748047,28.384935168311724,28.043620197492285,28.130621986054905,175955600
2015-06-16,28.465240478515625,28.521010934665533,28.190850787366475,28.338083906573015,125976400
2015-06-17,28.398313522338867,28.52769967147499,28.273386558306026,28.492007468879212,131672400
2015-06-18,28.527708053588867,28.62363332284501,28.380474908904755,28.382706204091054,141628800
2015-06-19,28.24216079711914,28.51432091610068,28.197545109605183,28.489781777374187,218867600
2015-06-22,28.467470169067383,28.567856303688377,28.349237081009143,28.440699738911512,136157200
2015-06-23,28.33807945251465,28.46746729892082,28.304616843688365,28.4384672789935,121075600
2015-06-24,28.57901382446289,28.956022667693063,28.358163285862766,28.378239833926724,221123600
2015-06-25,28.442935943603516,28.822174408726447,28.442935943603516,28.74632739649364,127752400
2015-06-26,28.275617599487305,28.55223854954749,28.222078445083824,28.480852443016506,176267200
2015-06-29,27.780376434326172,28.213155673337432,27.76922336545233,27.987842577545283,196645600
2015-06-30,27.981159210205078,28.1350862461729,27.854002611529804,28.01239053605658,177482800
2015-07-01,28.24216079711914,28.31800950826813,28.106080737628375,28.30908603036946,120955200
2015-07-02,28.206462860107422,28.262233309165225,28.056996763128446,28.20423156559098,108844000
2015-07-06,28.108301162719727,28.159610715300094,27.851756803775352,27.871835046777658,112241600
2015-07-07,28.039154052734375,28.141771484058385,27.610835671669097,28.083769735230312,187787200
2015-07-08,27.343143463134766,27.80492284442829,27.33645127966348,27.769230631921587,243046400
2015-07-09,26.785436630249023,27.675532700928322,26.595817405444773,27.628685718469345,314380000
2015-07-10,27.501522064208984,27.62867861303297,27.039742839324095,27.20259329054447,245418000
2015-07-13,28.032461166381836,28.05476900706943,27.733530654834784,27.8919185362896,165762000
2015-07-14,28.021305084228516,28.190847729085604,27.894148526080468,28.117230326479085,127072400
2015-07-15,28.291236877441406,28.364854287903665,28.014615891982935,28.045847211213122,134596800
2015-07-16,28.66824722290039,28.681634993181415,28.409473162788792,28.496474947841605,144889600
2015-07-17,28.915863037109375,28.915863037109375,28.623626411510077,28.79540035780856,184658800
2015-07-20,29.462425231933594,29.663197560349335,29.156800744686514,29.217033804794962,235600800
2015-07-21,29.167951583862305,29.652038784847903,29.072028023261137,29.63642482556907,307025600
2015-07-22,27.934303283691406,27.996765915409135,27.21374832042403,27.21374832042403,461802400
2015-07-23,27.920915603637695,28.35146179283089,27.898606064692277,28.15291915046449,203998000
2015-07-24,27.77368927001953,28.050310276957866,27.63984050549965,27.95661631199189,168649200
2015-07-27,27.387758255004883,27.57514789594571,27.24275641260931,27.459144379653896,177822000
2015-07-28,27.523832321166992,27.642067106761964,27.33867571764468,27.523832321166992,134472400
2015-07-29,27.43683433532715,27.55060654742132,27.276215142248162,27.47252824577996,148046800
2015-07-30,27.298519134521484,27.343134811532963,27.15128433682144,27.287364364279124,134513200
2015-07-31,27.05982208251953,27.358750867204524,26.972820319694556,27.34982739127645,171540000
2015-08-03,26.421810150146484,27.34313741374917,26.216573591216193,27.104439944865323,279904000
2015-08-04,25.574098587036133,26.25672838166463,25.264015006993834,26.19426574712073,496554400
2015-08-05,25.743642807006836,26.198729931797953,25.007472107672537,25.197091317507358,397250400
2015-08-06,25.799663543701172,26.10666963037693,25.573332274014806,25.987901363976874,211612000
2015-08-07,25.887060165405273,26.050647781151817,25.658487491973187,25.67641522980246,154681600
2015-08-10,26.8282470703125,26.888751051054925,26.11339430736292,26.11339430736292,219806400
2015-08-11,25.432153701782227,26.48314379074808,25.39629993693712,26.400229288163885,388331200
2015-08-12,25.82431411743164,25.86465067165119,24.56716017221928,25.21702611923066,404870000
2015-08-13,25.804147720336914,26.084262216411602,25.66745170947781,26.003589104767435,194143200
2015-08-14,25.985658645629883,26.06409035438125,25.548680761384396,25.618148602038033,171718000
2015-08-17,26.254573822021484,26.364378232100474,25.882580929145096,26.00359060358621,163538800
2015-08-18,26.106670379638672,26.317317022504323,25.996865978641605,26.09098403663909,138242800
2015-08-19,25.772769927978516,26.11114694123252,25.69881930534041,26.017028899520128,193146000
2015-08-20,25.243911743164062,25.624866668541628,25.015337420191337,25.56436270639163,274006400
2015-08-21,23.699932098388672,25.075854618051384,23.675281881449802,24.746439636853328,513102000
2015-08-24,23.10832405090332,24.38116427748664,20.616425097540755,21.25956853943907,648825200
2015-08-25,23.24726676940918,24.898822808248347,23.19348525333025,24.898822808248347,414406400
2015-08-26,24.580602645874023,24.625420271963097,23.540817991525316,23.997963248618984,387098400
2015-08-27,25.30442237854004,25.376131620216796,24.654556414147635,25.14980034129892,338464400
2015-08-28,25.387338638305664,25.391819718233755,24.99517832179051,25.13635542024998,212657600
2015-08-31,25.268569946289062,25.665211336256274,25.098259847186128,25.104982321810155,224917200
2015-09-01,24.139144897460938,25.071364966794416,24.05847179313516,24.683687496818415,307383600
2015-09-02,25.174448013305664,25.174448013305664,24.455114225615663,24.701616338576237,247555200
2015-09-03,24.732986450195312,25.273046228566628,24.659035824002473,25.20805947006531,212935600
2015-09-04,24.486480712890625,24.7509087864841,24.316172381187002,24.419254279749516,199985200
2015-09-08,25.167728424072266,25.22375132713337,24.7217865944172,25.042237668314055,219374400
2015-09-09,24.683687210083008,25.55092050698643,24.59853131779331,25.492657928736982,340043200
2015-09-10,25.22598648071289,25.385091280879728,24.62766243437784,24.710575216197196,251571200
2015-09-11,25.5935001373291,25.5935001373291,25.04447642895034,25.051198903061266,199662000
2015-09-14,25.84000015258789,26.19406526766862,25.73915962308104,26.124597423327597,233453600
2015-09-15,26.05736541748047,26.11338830553308,25.640554993594424,25.978933716143388,173364800
2015-09-16,26.086498260498047,26.115629546628753,25.86912918257928,26.050642791706853,148694000
2015-09-17,25.528512954711914,26.104428259816004,25.483695321581934,25.918433543611794,256450400
2015-09-18,25.423189163208008,25.61366837467434,25.069125764829042,25.145316081669108,297141200
2015-09-21,25.817584991455078,25.853440456937932,25.47024414542409,25.472483829754744,200888000
2015-09-22,25.411983489990234,25.586774634919642,25.214781821099262,25.407500701324746,201384800
2015-09-23,25.618152618408203,25.70778960375562,25.38957992997141,25.463528861425985,143026800
2015-09-24,25.770532608032227,25.88257840198019,25.18117234735185,25.378372329214343,200878000
2015-09-25,25.705543518066406,26.149245574241068,25.5509197893008,26.093222682332716,224607600
2015-09-28,25.196868896484375,25.674183556560198,25.196868896484375,25.51283727437011,208436000
2015-09-29,24.43942642211914,25.43663494850679,24.17051721819608,25.28425261036825,293461600
2015-09-30,24.717309951782227,24.99518312213887,24.36548612578501,24.688176942763054,265892000
2015-10-01,24.555957794189453,24.564921663298826,24.047268907752663,24.441670600148974,255716400
2015-10-02,24.7352294921875,24.87640829038758,24.10105158150218,24.20413350942164,232079200
2015-10-05,24.82486343383789,24.95707834695101,24.44166706073994,24.623180682290823,208258800
2015-10-06,24.943632125854492,25.0399915694046,24.59853090266767,24.791249789767882,192787200
2015-10-07,24.82486343383789,25.04671360569818,24.5178590822946,25.03999113226044,187062400
2015-10-08,24.53802490234375,24.692648620059774,24.248946595592553,24.692648620059774,247918400
2015-10-09,25.12514877319336,25.161002537255133,24.535786818714605,24.650074004172488,211064400
2015-10-12,25.008617401123047,25.266323033422697,24.972763641064162,25.261841954546423,121868800
2015-10-13,25.05120086669922,25.199100437782125,24.802459046998475,24.833831735097373,132197200
2015-10-14,24.697134017944336,24.990693454806067,24.55147414198158,24.93915334634247,177849600
2015-10-15,25.06688117980957,25.120662673656284,24.759875137638975,24.858475967760334,150694000
2015-10-16,24.88313102722168,25.098258754238888,24.768843834540192,25.048958329565178,156930400
2015-10-19,25.03775978088379,25.042240861439396,24.67473070727215,24.829354486535475,119036800
2015-10-20,25.494895935058594,25.584532900665106,24.833826519366045,24.950353377876468,195871200
2015-10-21,25.492656707763672,25.900503284391082,25.479210051387575,25.546438204219225,167180800
2015-10-22,25.882572174072266,25.882572174072266,25.56884368457121,25.620385489645777,166616400
2015-10-23,26.68482780456543,26.71844188608165,26.068575912273154,26.151488709038865,237467600
2015-10-26,25.833276748657227,26.47193740180466,25.75260364408249,26.460733848753367,265335200
2015-10-27,25.669694900512695,26.11563673075913,25.544202434904744,25.860172429236382,279537600
2015-10-28,26.727399826049805,26.734124009038084,26.00806611776851,26.20302639203805,342205600
2015-10-29,27.00975799560547,27.04561346922825,26.503310543623737,26.599669991881104,204909200
2015-10-30,26.77894401550293,27.16438180961009,26.76773875254371,27.112839993554005,197461200
2015-11-02,27.15541648864746,27.195753039586744,26.803592792553772,27.070262307634753,128813200
2015-11-03,27.46690559387207,27.673069442414718,27.047853713081217,27.068022844831653,182076000
2015-11-04,27.339174270629883,27.747020900378182,27.254020081010584,27.592397154535842,179544400
2015-11-05,27.21314239501953,27.61148327358103,27.046605283344793,27.422439708246415,158210800
2015-11-06,27.244647979736328,27.413436071565854,27.14562680009053,27.25590120599213,132169200
2015-11-09,27.13437843322754,27.413440980934922,27.01735275741527,27.22214811933713,135485600
2015-11-10,26.279186248779297,26.571753032227548,26.119400355881204,26.308443957325128,236511600
2015-11-11,26.13065528869629,26.425471363562412,25.928109172871483,26.18916899260163,180872000
2015-11-12,26.042877197265625,26.29043271814813,26.02712371094586,26.164404827590033,130102400
2015-11-13,25.282207489013672,26.009122369930957,25.266454000795722,25.925852951063824,183249600
2015-11-16,25.696306228637695,25.709808730253343,24.980644453978773,25.066163159214113,152426800
2015-11-17,25.586036682128906,25.892106035255242,25.50276723324825,25.862848320160982,110467600
2015-11-18,26.396209716796875,26.441219192006294,25.993368560767326,26.051882252140704,186698800
2015-11-19,26.731534957885742,26.94983451847588,26.276933076812536,26.474977171646167,173183200
2015-11-20,26.84855842590332,26.988088808986056,26.747284545890412,26.826051974566337,137148400
2015-11-23,26.49972915649414,26.94533045320488,26.407457513189943,26.841805584180257,129930000
2015-11-24,26.75404167175293,26.85981583506874,26.35795345282768,26.4052139204153,171212800
2015-11-25,26.5627498626709,26.83281189570902,26.53799413338403,26.828309917474165,85553200
2015-11-27,26.513233184814453,26.648265033252525,26.46597272466164,26.621258320164657,52185600
2015-11-30,26.623512268066406,26.873318811641276,26.499733632240492,26.553745347418406,156721200
2015-12-01,26.407459259033203,26.738284199871483,26.299435839780674,26.72478170171524,139409600
2015-12-02,26.16890525817871,26.58074861079225,26.123895787543884,26.407458543145545,133546400
2015-12-03,25.925851821899414,26.28368349155291,25.70530299645381,26.229671779586834,166278000
2015-12-04,26.78780174255371,26.8373132030574,25.90560284431139,25.946112064996072,231108000
2015-12-07,26.619007110595703,26.9745877701295,26.513232964797563,26.77654369346573,128336800
2015-12-08,26.607757568359375,26.691025267759507,26.29943734579293,26.447969985021057,137238000
2015-12-09,26.020374298095703,26.486229388709443,25.898846659196288,26.474976161829343,185445600
2015-12-10,26.14415168762207,26.31744176954201,25.99561904869208,26.114895700999856,116850800
2015-12-11,25.471256256103516,25.968618447785566,25.396989060652793,25.92360896284671,187544800
2015-12-14,25.3137149810791,25.358724454708142,24.708327773860752,25.246199053634182,257274800
2015-12-15,24.865859985351562,25.385728450194634,24.834353013785456,25.192184643716466,213292400
2015-12-16,25.057161331176758,25.203444730091476,24.485533671359093,24.99639835590541,224954000
2015-12-17,24.52604103088379,25.26195651416769,24.52604103088379,25.21019406605215,179091200
2015-12-18,23.862140655517578,24.64756761837241,23.8126291952399,24.510288183513854,385813200
2015-12-21,24.154706954956055,24.163709194553643,23.758616997670288,24.143453726208655,190362400
2015-12-22,24.132204055786133,24.242478494517847,23.956662945741538,24.170462289243822,131157600
2015-12-23,24.44277000427246,24.49678172098979,24.12544751992992,24.14120100884754,130629600
2015-12-24,24.31223487854004,24.530534404381786,24.294230404511595,24.530534404381786,54281600
2015-12-28,24.03992462158203,24.235719421321342,23.89589225752135,24.213212969373373,106816800
2015-12-29,24.47202491760254,24.62731052796695,24.048930007408522,24.071434745301563,123724800
2015-12-30,24.152454376220703,24.463023895390158,24.12094739820358,24.43601889537635,100855200
2015-12-31,23.688846588134766,24.087185730146636,23.589823691295113,24.082685469836317,163649200
2016-01-04,23.709104537963867,23.71360651607352,22.955184602744627,23.09246574606234,270597600
2016-01-05,23.114971160888672,23.82163064861039,23.047456940285645,23.79912590840938,223164000
2016-01-06,22.662607192993164,23.038443206545868,22.475816397216338,22.63110022903077,273829600
2016-01-07,21.706151962280273,22.534339089007176,21.70165170114115,22.208016070870872,324377600
2016-01-08,21.820924758911133,22.304784308939336,21.775915286955563,22.178756413862704,283192000
2016-01-11,22.17425537109375,22.293532022104593,21.906444365766593,22.273278273971293,198957600
2016-01-12,22.496082305908203,22.660370178573043,22.24402474087501,22.628863197569107,196616800
2016-01-13,21.917701721191406,22.77289562148932,21.89744796924307,22.577100767646975,249758400
2016-01-14,22.397056579589844,22.613106875133813,21.546364765015802,22.04597785408347,252680400
2016-01-15,21.859182357788086,21.989712226534987,21.460843219648147,21.64988505686676,319335600
2016-01-19,21.75341033935547,22.20126093386138,21.492350596949187,22.14724922463988,212350800
2016-01-20,21.782670974731445,22.097742493626843,21.024249027026293,21.40233450630044,289337600
2016-01-21,21.672393798828125,22.02797277549586,21.366324558328266,21.843431179047542,208646000
2016-01-22,22.824657440185547,22.833659680480253,22.138253358481553,22.196765344894477,263202000
2016-01-25,22.37904930114746,22.849404590131204,22.327286868143908,22.847153601652497,207178000
2016-01-26,22.502836227416992,22.70313136628724,22.070738964932982,22.48933372452746,300308000
2016-01-27,21.024250030517578,21.746663054200553,21.006245550406682,21.61388387663656,533478800
2016-01-28,21.17503547668457,21.271807419202073,20.792449685523394,21.10752124606888,222715200
2016-01-29,21.906448364257812,21.906448364257812,21.233546820430533,21.33256974138231,257666000
2016-02-01,21.701648712158203,21.76466266143647,21.46984666288399,21.710650950198147,163774000
2016-02-02,21.26280403137207,21.613882790889953,21.217792833355904,21.474350652542302,149428800
2016-02-03,21.683645248413086,21.79391966479839,21.172780664055452,21.37982699763643,183857200
2016-02-04,21.857879638671875,22.023058994404014,21.538836946529987,21.690438805393995,185886800
2016-02-05,21.27408790588379,21.930276903879193,21.199419474643552,21.83976777892845,185672400
2016-02-08,21.49810218811035,21.654228686840714,21.052346092950472,21.072709743355976,216085600
2016-02-09,21.493576049804688,21.70853547812662,21.253728290560428,21.335186345835517,177324800
2016-02-10,21.330659866333008,21.801306022687154,21.292194042117465,21.70400899734777,169374400
2016-02-11,21.201684951782227,21.432483350272403,20.950522902652605,21.22205032873997,200298800
2016-02-12,21.267301559448242,21.382700745252002,21.045555999939317,21.312556988350742,161405600
2016-02-16,21.866924285888672,21.914441195131964,21.40759243688531,21.500363052174144,196231600
2016-02-17,22.201812744140625,22.22217639870214,21.756056558006573,21.87371725688323,179452800
2016-02-18,21.78093719482422,22.3760317691853,21.742469653434018,22.364717481779145,156084000
2016-02-19,21.73116111755371,21.894077218998742,21.676856325844767,21.722110031215855,141496800
2016-02-22,21.92123794555664,21.925764353783066,21.704016961299242,21.792262932206345,137123200
2016-02-23,21.42569351196289,21.835245227539495,21.394015574090567,21.81261837567614,127770400
2016-02-24,21.74473762512207,21.808093505328504,21.11570177690352,21.265042117091483,145022800
2016-02-25,21.894079208374023,21.894079208374023,21.55240800492678,21.7334262954955,110330800
2016-02-26,21.928022384643555,22.179182739750832,21.853352203394042,21.99363975157595,115964400
2016-02-29,21.87824058532715,22.226699678106144,21.869189498022948,21.91670641163121,140865200
2016-03-01,22.74712371826172,22.80142851449741,22.043417665277012,22.09546098447838,201628400
2016-03-02,22.796903610229492,22.82858155158241,22.54574155641827,22.74259881452711,132678400
2016-03-03,22.96660804748535,23.01412496042539,22.72902175646678,22.75843822137135,147822800
2016-03-04,23.308273315429688,23.475714069763075,22.937187467275734,23.163459410116825,184220400
2016-03-07,23.05033302307129,23.267553971361494,22.844424640836174,23.167993722692326,143315600
2016-03-08,22.860258102416992,23.02543740912557,22.717707374999783,22.80369010682502,126247600
2016-03-09,22.88062858581543,22.98471351377979,22.68829597681662,22.923619098165062,108806800
2016-03-10,22.89193344116211,23.13404436573756,22.661136804946963,22.94623995370993,134054400
2016-03-11,23.138574600219727,23.143099280521703,22.966607401333224,23.134048193599433,109632800
2016-03-14,23.197404861450195,23.285652530351765,23.029964063512647,23.059380528585958,100304400
2016-03-15,23.663522720336914,23.799285555257,23.498343424866768,23.52323347933923,160270800
2016-03-16,23.97804832458496,24.05497998945438,23.665791804937243,23.67031821246995,153214000
2016-03-17,23.939577102661133,24.091178920822344,23.749507734406702,23.876219495697473,137682800
2016-03-18,23.966733932495117,24.0979721292998,23.801556310929445,24.061767774463203,176820800
2016-03-21,23.964475631713867,24.358188547998633,23.790245172024935,23.969000313508893,142010800
2016-03-22,24.14774513244629,24.27672008745704,23.806073971295017,23.815125057334843,129777600
2016-03-23,24.01424789428711,24.226944136945665,23.962206298520723,24.093444479153383,102814000
2016-03-24,23.910158157348633,24.04139631153027,23.733666300637235,23.864904454818873,104532000
2016-03-28,23.80155372619629,24.027825740397013,23.772137259506373,23.984833505276967,77645600
2016-03-29,24.36496925354004,24.389859311874833,23.731406957175352,23.733670160565346,124760400
2016-03-30,24.79035758972168,24.984951630731874,24.573136695962944,24.584450985496314,182404400
2016-03-31,24.6613826751709,24.867291006090742,24.63649261920656,24.826561980541666,103553600
2016-04-01,24.887653350830078,24.889916553885868,24.48262631974958,24.613864475895507,103496000
2016-04-04,25.143342971801758,25.385453920701245,24.951010408261794,24.984951550434623,149424800
2016-04-05,24.846923828125,25.055095347121583,24.758677900221766,24.779043274678404,106314800
2016-04-06,25.107133865356445,25.11166027082418,24.708894773771636,24.941956318459493,105616400
2016-04-07,24.55956268310547,24.98495341463235,24.464528858985368,24.87860530017105,127207600
2016-04-08,24.58671760559082,24.837877950218115,24.475843076973312,24.64328560848277,94326800
2016-04-11,24.668176651000977,25.02795008659553,24.625186137977725,24.656864084971126,117630000
2016-04-12,24.98948097229004,25.003056740270104,24.58671707657627,24.740580383866106,108929200
2016-04-13,25.351511001586914,25.419391554856478,25.07093425017294,25.07093425017294,133029200
2016-04-14,25.365089416503906,25.430708499941424,25.19086074596297,25.256479829400487,101895600
2016-04-15,24.85597801208496,25.410345429082167,24.828826477849184,25.367353198117787,187756000
2016-04-18,24.319719314575195,24.652337759106935,24.197532207345343,24.63876198929872,243286000
2016-04-19,24.190746307373047,24.437382019492315,24.03688124041979,24.410228751329228,129539600
2016-04-20,24.24051856994629,24.45773948127744,23.998407600682768,24.129645774086487,122444000
2016-04-21,23.97804832458496,24.195269275551087,23.876224870922968,24.195269275551087,126210000
2016-04-22,23.91242218017578,24.093440449136978,23.672574441172625,23.760820372553717,134732400
2016-04-25,23.77666664123535,23.905641636413133,23.647691646057574,23.758564463518095,112126400
2016-04-26,23.611486434936523,23.82644590332176,23.51192791373699,23.51192791373699,224064800
2016-04-27,22.13392448425293,22.335306403522676,21.64970259675959,21.722109559572104,458408400
2016-04-28,21.45737648010254,22.14750511847199,21.32613829168342,22.086412431487112,328970800
2016-04-29,21.210739135742188,21.43248647977647,20.93242551178816,21.267307141980485,274126000
2016-05-02,21.188114166259766,21.287674418531395,20.907537313689094,21.262784355463488,192640400
2016-05-03,21.536571502685547,21.663283284817446,21.19716346370205,21.314824157636163,227325200
2016-05-04,21.312559127807617,21.69948402059538,21.22883787067222,21.541092593013676,164102000
2016-05-05,21.226051330566406,21.41500094311543,21.09856809165568,21.399065538251588,143562000
2016-05-06,21.107675552368164,21.273858822090435,20.90961973417624,21.255648170316455,174799600
2016-05-09,21.123615264892578,21.34671099186233,21.078084284102292,21.171421492100382,131745600
2016-05-10,21.26703453063965,21.30118233296294,20.96881397979695,21.2465468913433,134747200
2016-05-11,21.059871673583984,21.30117977046872,21.048488495235805,21.280692133636997,114876400
2016-05-12,20.565860748291016,21.121326239431443,20.36780673946805,21.107667821396298,305258800
2016-05-13,20.606842041015625,20.868639441253695,20.48846500739972,20.48846500739972,177571200
2016-05-16,21.371747970581055,21.487849775426163,20.864090236678617,21.032550487061453,245039200
2016-05-17,21.28296661376953,21.558422498954688,21.173695747608512,21.52427643879756,187667600
2016-05-18,21.52654266357422,21.674515230616116,21.374017869362156,21.43548422554386,168249600
2016-05-19,21.444602966308594,21.544769399067057,21.301184267719503,21.544769399067057,121768400
2016-05-20,21.67679786682129,21.72460408030558,21.517442085044827,21.544760665676776,128104000
2016-05-23,21.952255249023438,22.125269464843562,21.779241033203313,21.824772004118582,152074400
2016-05-24,22.286897659301758,22.330149905114894,22.04558788632102,22.132095851604745,140560800
2016-05-25,22.67845916748047,22.705776014402833,22.33470770346552,22.462190953980613,152675200
2016-05-26,22.85830307006836,22.93115089139935,22.45536220143362,22.692118054966603,225324800
2016-05-27,22.844640731811523,22.871959313517372,22.59422647840904,22.637480465236077,145364800
2016-05-31,22.73308563232422,22.856016605478487,22.49632987700803,22.673896259288085,169228800
2016-06-01,22.414382934570312,22.66024495809652,22.38478910717191,22.541866174845136,116693200
2016-06-02,22.245922088623047,22.273238932612223,21.997783089138686,22.218603507805028,160766400
2016-06-03,22.291452407836914,22.371129434742336,22.184456798780094,22.261858579794595,114019600
2016-06-06,22.45308494567871,23.19522331053951,22.207224637192535,22.307389304787257,93170000
2016-06-07,22.544137954711914,22.735364507821203,22.52820255335518,22.59422114092693,89638000
2016-06-08,22.52365493774414,22.664796596709508,22.46446554765898,22.541865588145942,83392400
2016-06-09,22.685285568237305,22.76268560736526,22.414381957631843,22.423488151087273,106405600
2016-06-10,22.498613357543945,22.61699040098032,22.418936334382074,22.430317773788715,126851600
2016-06-13,22.1594181060791,22.564635978748562,22.104782671438503,22.466746550901703,152082000
2016-06-14,22.18673324584961,22.41893684645813,22.025102213221146,22.15486243585689,127727600
2016-06-15,22.113889694213867,22.403005759365648,22.08884809056043,22.268691545512738,117780800
2016-06-16,22.20722007751465,22.252749304634087,21.870297891613266,21.956804117871677,125307200
2016-06-17,21.70184326171875,22.002340753928593,21.69501404957316,21.995511541783003,244032800
2016-06-20,21.649477005004883,21.9841222009625,21.633541602189215,21.854361996083895,137647600
2016-06-21,21.833879470825195,21.93404413901869,21.553869628070824,21.61305902529588,142185600
2016-06-22,21.75192642211914,22.05697614285978,21.706395446526347,21.911280494621096,116876400
2016-06-23,21.87713050842285,21.920384496701352,21.683628657792593,21.840707468421712,128960800
2016-06-24,21.26247787475586,21.549316923000653,21.09174063551022,21.1509300314275,301245600
2016-06-27,20.952871322631836,21.18279792612506,20.8299403188878,21.171414750344976,181958400
2016-06-28,21.305727005004883,21.32166414568785,20.975635752241036,21.148649948964444,161779600
2016-06-29,21.49012565612793,21.524273448369915,21.31483446647255,21.392236244676305,146124000
2016-06-30,21.7633113861084,21.802011419004597,21.467367812583486,21.49923863224264,143345600
2016-07-01,21.82932472229004,21.96136193566166,21.701841474526535,21.73826451524654,104106000
2016-07-05,21.624441146850586,21.717778342983515,21.503787102545367,21.715501360026124,110820800
2016-07-06,21.74736976623535,21.776965330917307,21.483297087776542,21.535655532195683,123796400
2016-07-07,21.840707778930664,21.968191025990517,21.767859961063753,21.786070612908745,100558400
2016-07-08,22.009170532226562,22.05697675530456,21.86575186299257,21.96591653841968,115648400
2016-07-11,22.07746124267578,22.229986073522742,22.020548836822844,22.02510106508641,95179600
2016-07-12,22.177629470825195,22.24137109776262,22.109335614890412,22.12071705579834,96670000
2016-07-13,22.052425384521484,22.234544088551846,22.045594435105123,22.175356421577334,103568800
2016-07-14,22.48950958251953,22.53503881870016,22.154864312421935,22.17079971876806,155676000
2016-07-15,22.487224578857422,22.605603329629844,22.42348297620846,22.519095380181902,120548000
2016-07-18,22.72626495361328,22.794558806447593,22.44625512018853,22.469019737799965,145975600
2016-07-19,22.735368728637695,22.764962554700436,22.614712968161584,22.664796163674534,95119600
2016-07-20,22.755859375,22.869684202848237,22.70577617285413,22.764965569647345,105104000
2016-07-21,22.63520050048828,22.992610314115744,22.56690492363568,22.726260690682196,130808000
2016-07-22,22.459917068481445,22.60561271698975,22.38023829525389,22.596506521854337,113254800
2016-07-25,22.1594181060791,22.500892612033855,22.06380566125077,22.366580140036312,161531600
2016-07-26,22.006895065307617,22.302840356364882,21.949982642937318,22.041042866095655,224959200
2016-07-27,23.436527252197266,23.755237061687346,23.39099802376814,23.737024675584205,369379200
2016-07-28,23.75296401977539,23.77800562061437,23.40693731055435,23.409214293402172,159479200
2016-07-29,23.723373413085938,23.80077520896637,23.602719358194836,23.718821183600856,110934800
2016-08-01,24.142248153686523,24.16501277327869,23.768902834521718,23.768902834521718,152671600
2016-08-02,23.784839630126953,24.14680179220711,23.675567018146026,24.142249562754643,135266400
2016-08-03,24.08305549621582,24.09443693605807,23.850851892023883,23.85995808599503,120810400
2016-08-04,24.231830596923828,24.261584742018446,24.09678879267462,24.16545435364713,109634800
2016-08-05,24.600337982177734,24.639247661018345,24.302789475923046,24.32338810134284,162213600
2016-08-08,24.80403709411621,24.80403709411621,24.52708903271134,24.609485258853,112148800
2016-08-09,24.904743194580078,24.93449908368157,24.7216379561109,24.771992464217153,105260800
2016-08-10,24.71935272216797,24.925347677433617,24.664421316176433,24.881859368478118,96034000
2016-08-11,24.70332908630371,24.932211964247323,24.685018036971154,24.83836914609631,109938000
2016-08-12,24.760549545288086,24.820059581873906,24.6689960458263,24.6689960458263,74641600
2016-08-15,25.058095932006836,25.07182834461946,24.73765958322399,24.75139199583661,103472800
2016-08-16,25.03520965576172,25.22976150751289,24.996299983906624,25.092430377750215,135177600
2016-08-17,24.99858856201172,25.032921343436463,24.797170508980045,24.97112198762436,101424000
2016-08-18,24.96654510498047,25.085563434881703,24.95281094466424,25.000877886414337,87938800
2016-08-19,25.030630111694336,25.10616187580563,24.801747248014788,24.895588314079816,101472400
2016-08-22,24.836082458496094,24.971122523094618,24.685018915482996,24.91619111937978,103280800
2016-08-23,24.91389274597168,25.02146794273071,24.84065031889448,24.854382728272327,85030800
2016-08-24,24.726211547851562,24.891007462865762,24.64610290756338,24.849808484112213,94700400
2016-08-25,24.620933532714844,24.691886673061536,24.417227891003797,24.579734540782386,100344800
2016-08-26,24.47673225402832,24.70790267255723,24.33253494260801,24.58430747167917,111065200
2016-08-29,24.449260711669922,24.59116867681168,24.32795310664356,24.40348485000468,99881200
2016-08-30,24.26158905029297,24.376030508077367,24.147147592508567,24.215813165674433,99455600
2016-08-31,24.284473419189453,24.392048653075395,24.179187503068988,24.183766138599943,118649600
2016-09-01,24.428668975830078,24.444690706547647,24.174608855710293,24.293627177292564,106806000
2016-09-02,24.65755271911621,24.719350326588074,24.44926846613325,24.650684766074676,107210000
2016-09-06,24.65068244934082,24.788013557460886,24.607195894924537,24.696460067460034,107521600
2016-09-07,24.80175018310547,24.893303688659454,24.506491044468753,24.680442530397535,169457200
2016-09-08,24.15172004699707,24.552265075682133,24.0876331218055,24.547688186556055,212008000
2016-09-09,23.60468864440918,24.197496157875143,23.60468864440918,23.95030225080275,186228000
2016-09-12,24.133407592773438,24.197494509596165,23.467357679571137,23.4948242494541,181171200
2016-09-13,24.707902908325195,24.90016540997437,24.54539629470703,24.607195641973306,248704800
2016-09-14,25.58223533630371,25.870628215800973,24.856677122030995,24.886433010076683,443554800
2016-09-15,26.45199203491211,26.488614130670957,25.97591526747291,26.06060255423702,359934400
2016-09-16,26.3032169342041,26.580164975590975,26.101800653078442,26.348994552349193,319547600
2016-09-19,25.996511459350586,26.591606449992703,25.92097970865225,26.36501294413505,188092000
2016-09-20,25.994234085083008,26.12012039408468,25.75161873999414,25.87521573076719,138057200
2016-09-21,25.98965835571289,26.090365661174243,25.73559815437128,26.05832218949496,144012800
2016-09-22,26.234554290771484,26.307796736816936,26.09264628757944,26.172754940092023,124296000
2016-09-23,25.797386169433594,26.273462923090836,25.531882967818554,26.188775638778342,209924800
2016-09-26,25.8362979888916,25.953028742676437,25.53188509596385,25.552483716270608,119477600
2016-09-27,25.884363174438477,25.904963540976546,25.71270102031809,25.863764554138143,98429600
2016-09-28,26.08119773864746,26.239127449892997,25.96217943558065,26.02168946023276,118564400
2016-09-29,25.676076889038086,26.046867715999547,25.58910203906625,25.90038283907989,143548000
2016-09-30,25.875213623046875,25.94845608425314,25.589109986110213,25.740171798369,145516400
2016-10-03,25.753902435302734,25.875211835824874,25.698971029751696,25.7973907439095,86807200
2016-10-04,25.86376190185547,26.163597874842022,25.779074619195026,25.87749431398079,118947200
2016-10-05,25.875213623046875,26.014832337571008,25.792815635910074,25.95532229214154,85812400
2016-10-06,26.067462921142578,26.17045948647575,25.893511497730966,26.023974628730365,115117200
2016-10-07,26.106372833251953,26.22081423861776,25.980488335091923,26.163593535934858,97433600
2016-10-10,26.56186294555664,26.722080287328055,26.2574482499529,26.326112076610052,144944000
2016-10-11,26.61907958984375,27.166109532262723,26.59618990489879,26.93951422421971,256164000
2016-10-12,26.85710906982422,27.003595680121986,26.72206904517741,26.85939838695441,150347200
2016-10-13,26.77471923828125,26.880005150259226,26.486326329501203,26.731230933637267,140769600
2016-10-14,26.923486709594727,27.047083647551357,26.809045294402,26.980707417191088,142608800
2016-10-17,26.905187606811523,26.97156211608894,26.728946782730166,26.85483308564542,94499600
2016-10-18,26.886865615844727,27.056238416665614,26.882286981471605,27.049372211343297,98214000
2016-10-19,26.806764602661133,26.95324951200044,26.046873480624278,26.836518749601414,80138400
2016-10-20,26.793020248413086,26.86626267521751,26.62593678081418,26.74724438649927,96503200
2016-10-21,26.68773651123047,26.758691373000744,26.61449407854692,26.735801693969297,92770800
2016-10-24,26.92806625366211,26.948664870898615,26.779292059638845,26.802179994203005,94154800
2016-10-25,27.065393447875977,27.090570697759034,26.850243038416153,26.996727903424485,192516000
2016-10-26,26.45657730102539,26.481754563272364,25.934724494884776,26.163607427138604,264536800
2016-10-27,26.2025146484375,26.518372415621062,26.11553803054444,26.410797175324642,138248000
2016-10-28,26.028560638427734,26.369595630794517,25.96676128472614,26.062893418679984,151446800
2016-10-31,25.98736000061035,26.145289731996076,25.909538920566067,26.01253725478018,105677600
2016-11-01,25.518152236938477,26.04000493282985,25.2984248779441,25.969051797617304,175303200
2016-11-02,25.541038513183594,25.71498998256789,25.45864228688336,25.497551955515803,113326800
2016-11-03,25.267263412475586,25.64225721450681,25.20284747153307,25.53183038866328,107730400
2016-11-04,25.03951644897461,25.363899130694815,24.87157506122732,24.968199017619202,123348000
2016-11-07,25.40070152282715,25.423706968979122,25.182145396375798,25.3247819708429,130240000
2016-11-08,25.55023765563965,25.70207675874777,25.237358675177177,25.37769417767298,97016800
2016-11-09,25.50882911682129,25.610055193362072,24.857766343733797,25.278771128467262,236705600
2016-11-10,24.797956466674805,25.55714694936273,24.347042916636287,25.55714694936273,228538000
2016-11-11,24.945188522338867,25.04641460202416,24.512680122670883,24.6438131098981,136575600
2016-11-14,24.319433212280273,24.802554705796396,23.94443926956893,24.779549254715324,204702000
2016-11-15,24.641515731811523,24.77264873869325,24.422961305409807,24.517284184996708,129058000
2016-11-16,25.304075241088867,25.359290416788934,24.524178875156075,24.54718432076294,235362000
2016-11-17,25.29488182067871,25.38690539144753,25.037217928770364,25.262673834190167,110528000
2016-11-18,25.32018280029297,25.43061141206758,25.22816100488457,25.241963923155183,113715600
2016-11-21,25.704378128051758,25.76419193736113,25.308678133159383,25.333984650637593,117058400
2016-11-22,25.72049331665039,25.863128198874808,25.6284697362194,25.755000623508682,103862000
2016-11-23,25.5893497467041,25.653765699916704,25.382297214804243,25.619256652066213,109705600
2016-11-25,25.71818733215332,25.736592395764816,25.52493767463953,25.566348190163666,45903600
2016-11-28,25.667572021484375,25.874624580847378,25.626161509611773,25.635364040606053,108776000
2016-11-29,25.64226722717285,25.773400231067928,25.322486713197073,25.485827700139822,114115200
2016-11-30,25.426008224487305,25.812505717013426,25.368493727118555,25.67447127436906,144649200
2016-12-01,25.189050674438477,25.52263583743851,25.083224201929145,25.391502843763547,148347600
2016-12-02,25.283374786376953,25.327084613245596,25.041813182047214,25.11543167252432,106112000
2016-12-05,25.10162925720215,25.31328220216583,24.90377923097857,25.306380742795778,137298000
2016-12-06,25.29488182067871,25.38920646339775,25.12003896694194,25.191356400566054,104782000
2016-12-07,25.5433406829834,25.580150807244582,25.113133325701664,25.136138775763236,119994800
2016-12-08,25.794103622436523,25.86542104085599,25.44441447910836,25.504230050636142,108273200
2016-12-09,26.215105056762695,26.38764853477176,25.837810125265783,25.837810125265783,137610400
2016-12-12,26.06556510925293,26.45666290224854,25.879216985707902,26.063264038413347,105497600
2016-12-13,26.500381469726562,26.668322826103353,26.169097389460877,26.189801766875863,174935200
2016-12-14,26.500381469726562,26.732738784998737,26.452069500555023,26.46587241883168,136127200
2016-12-15,26.645320892333984,26.85467454156549,26.50958749749872,26.544094797742623,186098000
2016-12-16,26.679828643798828,26.80175911257715,26.606210148204177,26.794857652865684,177404400
2016-12-19,26.833969116210938,27.004211570997985,26.62921760506345,26.6407212089181,111117600
2016-12-20,26.905288696289062,27.031821327990908,26.843173794037757,26.856976715603903,85700000
2016-12-21,26.93058204650879,27.00880265925507,26.866166103778202,26.870768245517702,95132800
2016-12-22,26.75344467163086,26.804057711784225,26.6039066225968,26.767247589780606,104343600
2016-12-23,26.80635643005371,26.80635643005371,26.592402427489088,26.592402427489088,56998000
2016-12-27,26.97660255432129,27.100834089471928,26.799456904953356,26.806358364372283,73187600
2016-12-28,26.861574172973633,27.151446006509776,26.732740491754218,27.036416999651617,83623600
2016-12-29,26.854671478271484,26.942092887589716,26.778751915988057,26.790253763022857,60158000
2016-12-30,26.645320892333984,26.96280034100216,26.555598401292904,26.83626947796643,122345200
2017-01-03,26.721240997314453,26.762651513638215,26.401460470504556,26.64072103646367,115127600
2017-01-04,26.69133186340332,26.804061561829098,26.62921696760427,26.652222419559344,84472400
2017-01-05,26.827068328857422,26.88458283916623,26.643021193787806,26.668327718739967,88774400
2017-01-06,27.126140594482422,27.183655096543283,26.794856500946796,26.866173921837206,127007600
2017-01-09,27.374601364135742,27.47582744741152,27.133041513413918,27.13534082970417,134247600
2017-01-10,27.402210235595703,27.46432512719422,27.21586380559681,27.32398959799397,97848400
2017-01-11,27.549440383911133,27.590850886429095,27.28487338200209,27.317081355604625,110354400
2017-01-12,27.434417724609375,27.445921327204168,27.195157183304946,27.3538977720558,108344800
2017-01-13,27.3861026763916,27.519536728605953,27.333188567684832,27.402206665093118,104447600
2017-01-17,27.606956481933594,27.662169903440613,27.19745357495073,27.225059408102727,137759200
2017-01-18,27.604658126831055,27.72198819488039,27.540242169534384,27.606959198221134,94852000
2017-01-19,27.556350708007812,27.62766813604499,27.462027827881563,27.468929287987937,102389200
2017-01-20,27.606956481933594,27.710481866659634,27.544841602138572,27.710481866659634,130391600
2017-01-23,27.625370025634766,27.793311412900668,27.554050839280226,27.606964961078525,88200800
2017-01-24,27.60005760192871,27.629964509038164,27.491930064774497,27.503433666464463,92844000
2017-01-25,28.039470672607422,28.090083717527474,27.671378193920752,27.703586176105624,129510400
2017-01-26,28.053272247314453,28.168301243893303,27.975051616935176,27.991155606248086,105350400
2017-01-27,28.055572509765625,28.14759606117314,27.975052560485274,28.099284091604925,82251600
2017-01-30,27.981950759887695,27.981950759887695,27.758795999365482,27.82091088008753,121510000
2017-01-31,27.917539596557617,27.92674212772511,27.749598229560107,27.87152869592351,196804000
2017-02-01,29.619970321655273,30.020272543535167,29.21966985497879,29.224270243127602,447940000
2017-02-02,29.56936264038086,29.767212715538022,29.39681909264173,29.442831758494403,134841600
2017-02-03,29.695886611938477,29.721193131971837,29.484233676389646,29.51874097170494,98029200
2017-02-06,29.974262237548828,30.022575973349525,29.654481683689596,29.70739756347305,107383600
2017-02-07,30.259531021118164,30.388362950360797,30.011067938833033,30.03177231808843,152735200
2017-02-08,30.376861572265625,30.41827384421646,30.188215807887737,30.218124475940726,92016400
2017-02-09,30.59635353088379,30.603284910354823,30.295980826512785,30.41843989800148,113399600
2017-02-10,30.527036666870117,30.716503776911445,30.510864623071093,30.605598178091757,80262000
2017-02-13,30.79737663269043,30.919839253845378,30.672608252092974,30.748856966868217,92141600
2017-02-14,31.19709587097168,31.213267912938225,30.78812689428164,30.838959355819387,132904800
2017-02-15,31.31032943725586,31.485933873104685,31.104690183927993,31.31264224864995,142492400
2017-02-16,31.273359298706055,31.400436986802053,31.155518752514713,31.347295215836816,90338400
2017-02-17,31.35883331298828,31.384249543266176,31.21558011994466,31.21558011994466,88792800
2017-02-21,31.58527946472168,31.596832942403598,31.41891925785599,31.476683120639176,98028800
2017-02-22,31.680007934570312,31.682317219483558,31.44895252071614,31.52288841982405,83347600
2017-02-23,31.545995712280273,31.765497652688055,31.492853953694905,31.742394226428523,83152800
2017-02-24,31.576047897338867,31.576047897338867,31.257190154688807,31.40275625905121,87106400
2017-02-27,31.6384220123291,31.75626255171669,31.488237375635933,31.68694520954043,81029600
2017-02-28,31.65229606628418,31.75627034224256,31.585287993012166,31.67309021635039,93931600
2017-03-01,32.29924774169922,32.38242786516562,31.79323914337478,31.86024368906541,145658400
2017-03-02,32.10745620727539,32.41244746653751,32.0612423121408,32.347752244099325,104844000
2017-03-03,32.296939849853516,32.30849333081671,32.02198322081562,32.065884333099305,84432400
2017-03-06,32.19525909423828,32.29461475112016,32.02428035196002,32.20219047429682,87000000
2017-03-07,32.236854553222656,32.34313807658122,32.06818155101605,32.13056750423803,69785200
2017-03-08,32.1167106628418,32.30155574588277,32.0751223701116,32.105157184096726,74828800
2017-03-09,32.04276657104492,32.06818281034635,31.666148603102606,32.056632858903505,88623600
2017-03-10,32.149051666259766,32.199884141766816,32.03352395385757,32.17446790401329,78451200
2017-03-13,32.16291046142578,32.21605221540226,32.075111808252814,32.082043188092115,69686800
2017-03-14,32.11440658569336,32.26690054272909,32.07974614383688,32.18603322965188,61236400
2017-03-15,32.45405197143555,32.521056504609845,32.12364082513216,32.21144302950852,102767200
2017-03-16,32.50718307495117,32.5834317760032,32.407827424868074,32.51411445453541,76928000
2017-03-17,32.345455169677734,32.57881991544937,32.3223482133878,32.57881991544937,175540000
2017-03-20,32.68510818481445,32.694348852295555,32.40090741959065,32.44018642623199,86168000
2017-03-21,32.310791015625,32.99471665093121,32.2853747768826,32.83528783751306,158119600
2017-03-22,32.67585372924805,32.71744553391698,32.292300925150975,32.31309859029822,103440800
2017-03-23,32.560333251953125,32.71283069351587,32.488706627299024,32.638891257984966,81385200
2017-03-24,32.495635986328125,32.749798373115034,32.42863146197127,32.694343799918045,89582400
2017-03-27,32.55109786987305,32.62965588865848,32.028910217133244,32.20682392784006,94300400
2017-03-28,33.22578048706055,33.28123154879322,32.49102218845944,32.55803025555578,133499200
2017-03-29,33.29970932006836,33.3852022314122,33.0848294503589,33.19804436103866,116760000
2017-03-30,33.25580978393555,33.38751308494501,33.15645763106996,33.315886458343975,84829200
2017-03-31,33.19342041015625,33.33436434857821,33.043232281161146,33.20728317039026,78646800
2017-04-03,33.202674865722656,33.29971775329288,33.05249019997456,33.20498767713941,79942800
2017-04-04,33.44989013671875,33.47761565559979,33.080200098719224,33.09868495318175,79565600
2017-04-05,33.27660369873047,33.609324078860624,33.22808050761731,33.322814079164985,110871600
2017-04-06,33.19342041015625,33.3921281999704,33.14489722371151,33.33898291823909,84596000
2017-04-07,33.119483947753906,33.313569659625706,33.10331190124426,33.209595422953385,66688800
2017-04-10,33.0802116394043,33.244262576475684,33.017825674531885,33.17956732609938,75733600
2017-04-11,32.72438430786133,33.121799961435954,32.36162556132028,33.02706638137571,121517600
2017-04-12,32.76366424560547,32.84453153953262,32.58112846168498,32.71745385970046,81400000
2017-04-13,32.590370178222656,32.89767433330219,32.590370178222656,32.78907799558137,71291600
2017-04-17,32.770591735839844,32.782145212350784,32.548776973958354,32.68972092588931,66328400
2017-04-18,32.625022888183594,32.819108584656504,32.604228747624155,32.673546075114686,58790000
2017-04-19,32.5048828125,32.809877734444996,32.45174103996478,32.78215220540519,69313600
2017-04-20,32.91154098510742,33.02244662108617,32.6157902720797,32.629653035873716,93278400
2017-04-21,32.87226104736328,32.96699110581275,32.7752181779293,32.91154005220847,69283600
2017-04-24,33.18880844116211,33.26043507464243,33.082521370895755,33.156460815537876,68537200
2017-04-25,33.39443588256836,33.47992525032688,33.241938476059495,33.25118266618911,75486000
2017-04-26,33.198055267333984,33.410629447300266,33.1287414321574,33.38059110163879,80164800
2017-04-27,33.22345733642578,33.30895023936952,33.11255172184781,33.25349566926757,56985200
2017-04-28,33.19110870361328,33.34129683760354,33.103310044002505,33.29277364954495,83441600
2017-05-01,33.868099212646484,34.01135242507627,33.493790612103915,33.52613822541469,134411600
2017-05-02,34.08298110961914,34.216993665971486,33.928174413218755,34.089912489635154,181408800
2017-05-03,33.97901916503906,34.078374857222194,33.33437591117212,33.639367318988945,182788000
2017-05-04,33.8565559387207,33.99749990895938,33.69019572710698,33.85424665336897,93487600
2017-05-05,34.41801834106445,34.42263691120523,33.90969357549422,33.90969357549422,109310800
2017-05-08,35.35380172729492,35.51323059064107,34.4342017999803,34.4342017999803,195009600
2017-05-09,35.580223083496094,35.78586225291136,35.4554511904516,35.55249403747193,156521600
2017-05-10,35.411556243896484,35.568675779877275,35.145843892303795,35.497049156002355,103222800
2017-05-11,35.71780776977539,35.74565127496851,35.33731290713693,35.36979404638002,109020400
2017-05-12,36.21662902832031,36.29087011398681,35.88485410936519,35.891814100515845,130108000
2017-05-15,36.12382507324219,36.34423306457839,35.973020537111836,36.19574734555601,104038800
2017-05-16,36.07044982910156,36.2073343286072,35.89644302933688,36.179494373501626,80194000
2017-05-17,34.859371185302734,35.861652309017664,34.73408781492753,35.636603173558846,203070800
2017-05-18,35.39067077636719,35.57627878653499,35.06354059689483,35.09602173316082,134272800
2017-05-19,35.511322021484375,35.72477002721877,35.411559780401745,35.5855666531375,107843200
2017-05-22,35.727081298828125,35.863965813263476,35.47651105501651,35.7294001152807,91865600
2017-05-23,35.683006286621094,35.93821421541674,35.5693205340456,35.93821421541674,79675600
2017-05-24,35.5762825012207,35.76885052211112,35.42083679427562,35.69228707716587,76712000
2017-05-25,35.69923782348633,35.8106047364817,35.504351036011116,35.66675669224046,76942400
2017-05-26,35.63893127441406,35.78509819474404,35.56932781043888,35.72941471552804,87710400
2017-05-30,35.65284729003906,35.82917297765768,35.57396502506591,35.59484499988018,80507600
2017-05-31,35.44171142578125,35.76884513027702,35.353550368673936,35.72244401492925,97804800
2017-06-01,35.53916549682617,35.57396899891659,35.316438660236145,35.53684667942517,65616400
2017-06-02,36.06581497192383,36.06581497192383,35.471872224484855,35.631959074729174,111082800
2017-06-05,35.713157653808594,35.833803372295485,35.604116638077066,35.80828223069591,101326800
2017-06-06,35.83380889892578,36.149341452740536,35.6783632089096,35.706203171247324,106499600
2017-06-07,36.047264099121094,36.18878983634843,35.84077607662668,35.96606301262677,84278400
2017-06-08,35.95908737182617,36.08668952938383,35.82219932870438,36.01940845612938,85003200
2017-06-09,34.56472396850586,36.00550242241281,33.87797883138676,36.00550242241281,259530800
2017-06-12,33.73876953125,33.89421523399402,33.06362206785271,33.81301415713416,289229200
2017-06-13,34.01021957397461,34.20974757944908,33.67612584014028,34.14246648535844,136661600
2017-06-14,33.678462982177734,34.22136376790327,33.37220907832427,34.22136376790327,126124800
2017-06-15,33.47659683227539,33.52067913475004,32.99402094249624,33.251551226267416,128661600
2017-06-16,33.007938385009766,33.525317729657,32.99169604737768,33.35827088059254,201444400
2017-06-19,33.952213287353516,34.04501905813801,33.330430553899184,33.330430553899184,130165600
2017-06-20,33.64365005493164,34.075187273103715,33.62741125315838,34.075187273103715,99600400
2017-06-21,33.843177795410156,33.88958246333637,33.55084750444229,33.76197670689753,85063200
2017-06-22,33.78749084472656,34.03573877374179,33.66916392232728,33.81997198142515,76425200
2017-06-23,33.938289642333984,34.14245877583678,33.66683942993293,33.671480603015574,141757600
2017-06-26,33.83157730102539,34.40231785027864,33.72949270452707,34.14478754190472,102769600
2017-06-27,33.346683502197266,33.91046773590415,33.32116234692363,33.64365501437434,99047600
2017-06-28,33.833892822265625,33.89885509731291,33.21442885223566,33.52300142879953,88329600
2017-06-29,33.3350715637207,33.67148764914415,33.010260183521176,33.57404423508429,125997600
2017-06-30,33.413970947265625,33.63206019414612,33.35828745651529,33.513733218824164,92096400
2017-07-03,33.293304443359375,33.710921513750655,33.20050222335143,33.61347812068899,57111200
2017-07-05,33.430206298828125,33.592612038178764,33.11235481322904,33.337404030679075,86278400
2017-07-06,33.114662170410156,33.29331019195842,33.040421089620494,33.181946800684734,96515200
2017-07-07,33.45106506347656,33.58331192890661,33.15409374552322,33.15409374552322,76806800
2017-07-10,33.65525436401367,33.86174241272838,33.263158245175966,33.434846329571144,84362400
2017-07-11,33.76428985595703,33.83853448003167,33.49748076106818,33.57868183594897,79127200
2017-07-12,33.81301498413086,33.91509603695035,33.59956698976132,33.84317376647763,99538000
2017-07-13,34.28400421142578,34.45105113684445,33.74342229169313,33.75734227878138,100797600
2017-07-14,34.578643798828125,34.645928438020356,34.18191011600604,34.33039583744347,80528400
2017-07-17,34.69928741455078,35.01017882149063,34.46960062502861,34.5276029117045,95174000
2017-07-18,34.8199348449707,34.831536010902305,34.49280108266514,34.61576565314673,71475200
2017-07-19,35.03801727294922,35.13081950217448,34.78976582249554,34.912730369299176,83692000
2017-07-20,34.8802490234375,35.205063904111555,34.84544907273368,35.14938044280735,68974800
2017-07-21,34.864013671875,34.90345479996306,34.541521116163516,34.799051397356024,105010400
2017-07-24,35.28627395629883,35.36747858219408,34.77817330554504,34.93594138266693,85972800
2017-07-25,35.437076568603516,35.692284493098995,35.218987415187335,35.218987415187335,75415600
2017-07-26,35.6041259765625,35.71316702089403,35.51132019177788,35.578604828269064,63124000
2017-07-27,34.931297302246094,35.72709053321311,34.17494874241261,35.671407062358746,129905200
2017-07-28,34.68537139892578,34.854737104138636,34.613449121650966,34.77585483488103,68854800
2017-07-31,34.50672149658203,34.877937569955606,34.36751812420108,34.77817178991268,79383600
2017-08-01,34.812965393066406,34.852406514372724,34.432470619089045,34.59255746097682,141474400
2017-08-02,36.45791244506836,37.06345638107044,36.23054450202435,36.954411813041766,279747200
2017-08-03,36.093666076660156,36.474160950665876,35.966060332900575,36.43703863608513,108389200
2017-08-04,36.28392028808594,36.51824831622368,36.12151454877366,36.20967918162015,82239600
2017-08-07,36.84535598754883,36.87087712418732,36.34885677127221,36.43934015750374,87481200
2017-08-08,37.140018463134766,37.546034402459156,36.72008254374774,36.79664597427028,144823600
2017-08-09,37.367393493652344,37.416116973301776,36.914976354816375,36.949776311581175,104526000
2017-08-10,36.17717361450195,37.267238638725885,36.01645807921951,37.243945192944345,163217200
2017-08-11,36.68027114868164,36.93415686119202,36.35185637630784,36.475303794776885,105028400
2017-08-14,37.232295989990234,37.31614740550101,36.97608234424056,37.10884856633273,88490800
2017-08-15,37.63991165161133,37.77966166110587,37.299846542421186,37.42096606058106,117862000
2017-08-16,37.48849868774414,37.85185356526571,37.302161850684996,37.71909092343878,110686400
2017-08-17,36.76878356933594,37.43260757279651,36.764124170110456,37.38835216535511,111762400
2017-08-18,36.684932708740234,37.15077312408931,36.503255231080516,36.76878412566628,109712400
2017-08-21,36.61738967895508,36.77577372401931,36.12825579092864,36.684934979566464,105474000
2017-08-22,37.21601104736328,37.26725380567266,36.806072534970504,36.85498381530437,86418400
2017-08-23,37.262577056884766,37.37670924800208,37.00636693869412,37.050622350639216,77596400
2017-08-24,37.09720993041992,37.43960298887121,36.929507062848636,37.367394724546074,79275600
2017-08-25,37.2346305847168,37.39767404573715,37.09720849286256,37.18571576937024,101920400
2017-08-28,37.609642028808594,37.73308950644759,37.25094276790593,37.29985759587696,103864000
2017-08-29,37.94502639770508,37.99393764395831,37.267227838414755,37.29052127744569,118067600
2017-08-30,38.04753112792969,38.173306521840544,37.875168832343626,38.15234454853567,109078400
2017-08-31,38.19891357421875,38.32003307581607,38.07779407262144,38.11506215835603,107140400
2017-09-01,38.2105598449707,38.41785868256609,38.112733786630436,38.385249996452664,66364400
2017-09-05,37.751712799072266,38.257149291687355,37.39767304031707,38.14068917207796,117874000
2017-09-06,37.71212387084961,37.963678202961646,37.3883648196657,37.89846080805276,86606800
2017-09-07,37.56071472167969,37.78897910426357,37.35108793792291,37.75403893758368,87714000
2017-09-08,36.94813537597656,37.535091767309375,36.92484193250823,37.467546467779975,114446000
2017-09-11,37.61661911010742,37.74472595411591,37.24161737805395,37.38369886793957,126323200
2017-09-12,37.467552185058594,38.189606393791436,36.980749707380006,37.875162629389486,286856000
2017-09-13,37.18572235107422,37.25793062538174,36.78044332681693,37.23696509847619,179629600
2017-09-14,36.866615295410156,37.127484826851486,36.822359881166186,37.03199022957224,95042800
2017-09-15,37.23930358886719,37.49318589620896,36.80141223008894,36.910885069783504,196458400
2017-09-18,36.957454681396484,37.383699154318606,36.80139854443826,37.29286040134051,113077600
2017-09-19,36.971431732177734,37.21367079192962,36.90388642083373,37.1531092499511,83242400
2017-09-20,36.35186004638672,36.86195233721681,35.830117479786594,36.77810091676466,211805600
2017-09-21,35.727638244628906,36.28897691957961,35.57856942162137,36.28897691957961,150046800
2017-09-22,35.37824630737305,35.46675711385252,35.068462038774804,35.29672282202827,186581600
2017-09-25,35.0661506652832,35.36428835466453,34.74239160162309,34.935715870439076,177549200
2017-09-26,35.669403076171875,35.851080567151044,35.33166946109935,35.352631428347586,146640000
2017-09-27,35.923282623291016,36.03741480448484,35.76256711139289,35.82312863998077,102016800
2017-09-28,35.70200729370117,35.934927489278074,35.56691315377695,35.84408875516629,88022000
2017-09-29,35.897666931152344,35.899998408208205,35.40387715030918,35.68571220984077,105199200
2017-10-02,35.82545471191406,35.97452349491543,35.57157255172238,35.93026808910437,74795200
2017-10-03,35.98151397705078,36.12359545099182,35.84875130203596,35.87204119119061,64921200
2017-10-04,35.74860382080078,35.83711466510488,35.511027692534164,35.783543995485715,80655200
2017-10-05,36.193477630615234,36.20512435397174,35.88136534751433,35.91164256334408,85135200
2017-10-06,36.172515869140625,36.216771285701384,36.000153603083184,36.09565175944262,69630400
2017-10-09,36.29828643798828,36.50558529280248,36.21676649297357,36.29129911567504,65051600
2017-10-10,36.3122673034668,36.80140127367339,36.12593393775108,36.349535398242395,62468000
2017-10-11,36.46367263793945,36.56382665812951,36.277335692426874,36.32857844129487,67622400
2017-10-12,36.335548400878906,36.6546479129913,36.27265895658116,36.417071886230794,64500400
2017-10-13,36.5661506652832,36.63369597276531,36.43105649623809,36.50558912676728,65576800
2017-10-16,37.23930358886719,37.26725289122931,36.719888692756506,36.77811877539905,96486000
2017-10-17,37.376712799072266,37.46987947743301,37.0878904096244,37.21599725793115,75989200
2017-10-18,37.21134567260742,37.432622799826675,37.17408112588571,37.36507392286026,65496800
2017-10-19,36.33089065551758,36.587104289072464,36.10728926085157,36.510240199006,170336800
2017-10-20,36.393798828125,36.743179296875,36.326253501296044,36.477650282788275,95896400
2017-10-23,36.375152587890625,36.72919233940038,36.219096457297425,36.542855441022574,87937200
2017-10-24,36.59177017211914,36.666302798854936,36.38213982913323,36.403101797207604,71028800
2017-10-25,36.431060791015625,36.696589760350115,36.16553182168114,36.54752092763744,84828400
2017-10-26,36.66396713256836,36.76179318366867,36.51722627887791,36.62203965119396,68002000
2017-10-27,37.977638244628906,38.10574506181474,36.96443398170839,37.10185604283496,177816800
2017-10-30,38.83247756958008,39.14692143564128,38.13371658196156,38.17331261143674,178803200
2017-10-31,39.37284851074219,39.514930045152674,38.8837179813567,39.1073194936238,144187200
2017-11-01,38.87206268310547,39.58247019850598,38.573925029770365,39.566164074081144,134551200
2017-11-02,39.156219482421875,39.247058228740606,38.49705481387086,38.80451121930693,165573600
2017-11-03,40.178741455078125,40.588679798570986,39.85731038613164,40.528121815557064,237594400
2017-11-06,40.586341857910156,40.75870407267221,39.997054079679806,40.14845077688652,140105200
2017-11-07,40.7167854309082,40.81927090225437,40.43495393878697,40.50715864248612,97446000
2017-11-08,41.04986572265625,41.04986572265625,40.60498719669403,40.68185130490328,97638000
2017-11-09,40.96601486206055,41.0172576015806,40.327812095180505,40.78666527374036,117930400
2017-11-10,40.83043670654297,40.996406160345416,40.73693509982965,40.933290614042214,100582000
2017-11-13,40.66680908203125,40.790700322015965,40.5335655408074,40.55694272704739,67928400
2017-11-14,40.052024841308594,40.5522659440664,40.01462277065098,40.449412033186846,99130000
2017-11-15,39.52373123168945,39.8135919089244,39.36010164246712,39.73177533088447,116632400
2017-11-16,39.99592208862305,40.175912851342744,39.808915317218215,40.01461955559179,94550000
2017-11-17,39.77385330200195,40.06371400342983,39.654638212802126,39.981897418561154,87598000
2017-11-20,39.7341194152832,39.86969926347399,39.63594164249503,39.806583707089366,65049600
2017-11-21,40.472782135009766,40.60368579254124,39.92111417337202,39.92111417337202,100525200
2017-11-22,40.898216247558594,40.90756497870825,40.45173853945968,40.52420279815348,102355600
2017-11-24,40.90056610107422,41.02445733931441,40.825761959645845,40.930955729386724,56106800
2017-11-27,40.694847106933594,40.92626834322991,40.51952896130642,40.91925590275337,82867200
2017-11-28,40.4564208984375,40.87718163503339,40.1735726934655,40.74394168627326,105715200
2017-11-29,39.61722183227539,40.42134823810711,39.07490626334532,40.35356012956205,166665600
2017-11-30,40.17124557495117,40.23903371052628,39.37413129123352,39.839306639255796,166108800
2017-12-01,39.98423767089844,40.12916623961013,39.38815508531585,39.727102887515244,159037200
2017-12-04,39.692039489746094,40.351234038686634,39.65230112747466,40.318508118765585,130169600
2017-12-05,39.654632568359375,40.094097925131834,39.364771908190285,39.519052754741125,109400800
2017-12-06,39.50735855102539,39.785530580238316,38.911279707691186,39.15438596756534,114240000
2017-12-07,39.579833984375,39.84164132481947,39.48399252337033,39.51204229074438,102693200
2017-12-08,39.59151077270508,39.97253667893352,39.46294698774947,39.85332162553846,93420800
2017-12-11,40.36293029785156,40.414357262760625,39.45594953511909,39.55179102125493,141095200
2017-12-12,40.13616180419922,40.297455048962185,40.080062287312174,40.24135196521878,77636800
2017-12-13,40.26942443847656,40.56629403478115,40.20630888511107,40.323187690009654,95273600
2017-12-14,40.257728576660156,40.470448819217914,40.124485051039116,40.299803226735804,81906000
2017-12-15,40.66680908203125,40.713559887653396,40.31383639769752,40.587332355787815,160677200
2017-12-18,41.239505767822266,41.421836368046534,40.874844567373735,40.87952071700584,117684400
2017-12-19,40.8000602722168,40.99875570930402,40.69487003893601,40.91460280930763,109745600
2017-12-20,40.75563049316406,41.005749218272555,40.498495760008446,40.87718185169475,93902400
2017-12-21,40.909915924072266,41.14601338073836,40.69719922079701,40.71356039788378,83799600
2017-12-22,40.909915924072266,41.00575739525637,40.79070083321309,40.83277548874296,65397600
2017-12-26,39.872032165527344,40.08241256095756,39.66398449497271,39.92579541025149,132742000
2017-12-27,39.87904357910156,39.921118230359454,39.67099948077001,39.76216479201962,85992800
2017-12-28,39.991241455078125,40.17123576447634,39.850985500534065,39.97254042334844,65920800
2017-12-29,39.55878829956055,39.87669870309674,39.55645200818158,39.86033752972982,103999600
2018-01-02,40.26708221435547,40.27643451563853,39.56580942615581,39.77619340273042,102223600
2018-01-03,40.260066986083984,40.80238628352514,40.19695500765061,40.33019497342311,118071600
2018-01-04,40.447059631347656,40.54991350126068,40.22499072141163,40.332517173152446,89738400
2018-01-05,40.90757369995117,40.99406285723671,40.45174716352319,40.54291247080879,94640000
2018-01-08,40.75563049316406,41.05016372371372,40.657449182790344,40.75563049316406,82271200
2018-01-09,40.75096130371094,40.921603346574265,40.53590474782042,40.80238825912582,86336000
2018-01-10,40.741607666015625,40.74394752463994,40.44006195266457,40.47746402207704,95839600
2018-01-11,40.97303009033203,41.02212075365002,40.788363163647276,40.8117367825329,74670800
2018-01-12,41.39612579345703,41.45924133390934,41.05951433352114,41.18340555601736,101672400
2018-01-16,41.18574523925781,41.933768721013166,41.17405664783749,41.585468671088606,118263600
2018-01-17,41.86598205566406,41.90104426428869,40.923939337469655,41.176394373281866,137547200
2018-01-18,41.90337371826172,42.09973275509077,41.667279896046836,41.92908718934309,124773600
2018-01-19,41.71638107299805,41.97818843235449,41.4709348901725,41.75144328474837,129700400
2018-01-22,41.375091552734375,41.55742217931307,41.28158994771982,41.44521953992409,108434400
2018-01-23,41.38443374633789,41.945453988337626,41.333010368506855,41.44521299016399,130756400
2018-01-24,40.725242614746094,41.44521633156787,40.48680890350173,41.433527740131495,204420400
2018-01-25,39.99825668334961,40.89588486778186,39.862676869004524,40.793030969529916,166116000
2018-01-26,40.091758728027344,40.206301219057266,39.75281097181956,40.206301219057266,156572000
2018-01-29,39.26191329956055,39.77617911278078,39.05386925647732,39.77617911278078,202561600
2018-01-30,39.0305061340332,39.124007745796824,38.499875391787135,38.693894624711604,184192800
2018-01-31,39.138023376464844,39.37412077565685,38.92063057543217,39.00711972420556,129915600
2018-02-01,39.2198486328125,39.416204154709504,38.9814148894474,39.077256358536815,188923200
2018-02-02,37.51809310913086,38.990766636131845,37.42459150008796,38.8037598511883,346375200
2018-02-05,36.580726623535156,38.30819507475602,36.46618412011472,37.19083407744985,290954000
2018-02-06,38.1094970703125,38.270790367350905,35.99866645876102,36.19268567354218,272975200
2018-02-07,37.29367446899414,38.19597867026354,37.183811712279685,38.12351440723926,206434400
2018-02-08,36.267478942871094,37.63496190465887,36.2394291809823,37.46899249081761,217562000
2018-02-09,36.71109390258789,37.05846466441262,35.26292961094662,36.866003792290925,282690400
2018-02-12,38.18976593017578,38.46672273816519,36.96926786105699,37.20163266035302,243278000
2018-02-13,38.57234573364258,38.66857795561748,37.94097353876356,38.011387447072025,130196800
2018-02-14,39.28351974487305,39.32342012499602,38.22967123455398,38.26722221611662,162579600
2018-02-15,40.60259246826172,40.62606138201437,39.66609578151257,39.851515600178224,204588800
2018-02-16,40.47114562988281,41.032107382495894,40.31623936113969,40.45471775078253,160704400
2018-02-20,40.33502197265625,40.900671851907454,40.234094542494496,40.38196338095014,135722000
2018-02-21,40.15195083618164,40.86781542185468,40.13786518942926,40.56504027258118,149886400
2018-02-22,40.487571716308594,40.82790131300647,40.30215194919147,40.32327504011641,123967600
2018-02-23,41.191715240478516,41.22692040214116,40.73168083348682,40.76219436119442,135249600
2018-02-26,42.00615692138672,42.10473494491624,41.35835694616437,41.391216287340875,152648800
2018-02-27,41.870025634765625,42.360569950834076,41.81604319718002,42.03667174392078,155712400
2018-02-28,41.806640625,42.393416980421165,41.790212749375506,42.074210499816104,151128400
2018-03-01,41.07435607910156,42.19627249006448,40.52513412020834,41.90523004911441,195208000
2018-03-02,41.35836410522461,41.37948720362311,40.475849792751795,40.557999950612896,153816000
2018-03-05,41.50152587890625,41.71745917963857,40.96169083637588,41.12364170727491,113605600
2018-03-06,41.46632385253906,41.837167053383304,41.33958169646813,41.75736630395347,95154000
2018-03-07,41.081398010253906,41.273862430596104,40.903019234965775,41.06027491477236,126814000
2018-03-08,41.529685974121094,41.57193215474558,41.0907783844388,41.18700698966086,95096400
2018-03-09,42.24321746826172,42.2479126835741,41.63531780640628,41.76910458230956,128740800
2018-03-12,42.6516227722168,42.80887848962803,42.297210953699,42.315984655461044,128828400
2018-03-13,42.24087142944336,43.069399648429766,42.069533676140765,42.855812120337546,126774000
2018-03-14,41.88176727294922,42.369965835063375,41.73389842335402,42.3230244232332,117473600
2018-03-15,41.931053161621094,42.30424579003283,41.79492414608478,41.89584799922378,90975200
2018-03-16,41.78317642211914,42.04135589872213,41.6892900458461,41.931041644975714,157618800
2018-03-19,41.14476013183594,41.65408159557497,40.75983497308669,41.618876445634,133787200
2018-03-20,41.13069152832031,41.49683953309172,41.06027762400275,41.13069152832031,78597600
2018-03-21,40.198890686035156,41.09548343216158,40.196541287634304,41.08374718435731,148219600
2018-03-22,39.63089370727539,40.52983232296425,39.572216046223105,39.90080951555583,165963200
2018-03-23,38.71316909790039,39.88202694835137,38.71316909790039,39.52291999681884,164115200
2018-03-26,40.55096435546875,40.62841930804972,39.065245351744295,39.44782489835316,150164800
2018-03-27,39.51118469238281,41.10956343270425,39.17789604359712,40.76453853670361,163690400
2018-03-28,39.07462692260742,39.90550460608626,38.77185176834323,39.25535512087376,166674000
2018-03-29,39.3797492980957,40.31155078767656,39.17320279721128,39.38679033049858,153594000
2018-04-02,39.121559143066406,39.65200736477822,38.60285074845011,39.11217229534909,150347200
2018-04-03,39.52292251586914,39.60741848522696,38.69908950068041,39.34688954482369,121112000
2018-04-04,40.278690338134766,40.372573155198666,38.673270529102645,38.69908884100521,138422000
2018-04-05,40.55799102783203,40.893625455435775,40.388999115021946,40.50635441106232,107732800
2018-04-06,39.52056884765625,40.482880082690045,39.47831908067078,40.12846839403067,140021200
2018-04-09,39.91253662109375,40.62605524022441,39.865595219285055,39.87263625048639,116070800
2018-04-10,40.663612365722656,40.839645319686824,40.259909838119526,40.60493471440127,113634400
2018-04-11,40.473506927490234,40.820877702734585,40.29981974916783,40.424216112898584,89726400
2018-04-12,40.872501373291016,41.074352620855194,40.61431829568591,40.70116364800726,91557200
2018-04-13,41.010986328125,41.27151526401716,40.804443414359966,41.0227225756048,100497200
2018-04-16,41.266822814941406,41.353664598056646,41.0344580124711,41.08139942006313,86313600
2018-04-17,41.83482360839844,41.999120331657075,41.40530272955087,41.42408000955185,106421600
2018-04-18,41.74093246459961,41.970951432420364,41.515612292995044,41.73389143307444,83018000
2018-04-19,40.55799102783203,41.16589060178529,40.5251316881967,40.78331119064587,139235200
2018-04-20,38.89624786376953,40.187156394272286,38.82817977203165,40.041636942336396,261964400
2018-04-23,38.78359603881836,39.17790828234082,38.51367659415389,39.156785179595175,146062000
2018-04-24,38.24374008178711,39.039408754872795,37.840037622972055,38.88449892224397,134768000
2018-04-25,38.41039276123047,38.825831574734394,38.11935387520056,38.16864110139597,113528400
2018-04-26,38.54418182373047,38.89859360300027,38.3446763459467,38.52070932702644,111852000
2018-04-27,38.09821319580078,38.56998005009169,37.70155184532712,38.49252514898752,142623200
2018-04-30,38.788272857666016,39.25769406239759,37.98556302734298,38.053631107612816,169709600
2018-05-01,39.68955993652344,39.71302884534446,38.790617998357064,39.058187912431194,214277600
2018-05-02,41.442848205566406,41.71980496672397,40.792698905965494,41.1283333112394,266157600
2018-05-03,41.51795196533203,41.66112555415438,40.942911793681255,41.280895582468375,136272800
2018-05-04,43.1468391418457,43.24541713920659,41.81837662148013,41.83715389451058,224805200
2018-05-07,43.45902633666992,44.048148799513136,43.362794107261145,43.46371797122614,169805600
2018-05-08,43.667911529541016,43.70781190513855,43.109299108375836,43.41911884558,113611200
2018-05-09,43.97537612915039,43.98476297690126,43.473095611593955,43.7852611249509,92844800
2018-05-10,44.60441207885742,44.68186702612727,44.04345374687312,44.064580428056125,111957200
2018-05-11,44.434757232666016,44.78111254653238,44.16615551938289,44.64681348749568,104848800
2018-05-14,44.33108901977539,44.65623981059255,44.26276205405801,44.53371864959899,83115200
2018-05-15,43.928192138671875,44.076631181678145,43.61246796024898,44.00830061465196,94780800
2018-05-16,44.338157653808594,44.404133352868826,43.82451718880194,43.841012012369504,76732400
2018-05-17,44.05777359008789,44.510155226195536,43.9093345737116,44.295744112587485,69176000
2018-05-18,43.897560119628906,44.25098366663279,43.85515101968935,44.10490308433846,73190800
2018-05-21,44.20856475830078,44.594974273485356,44.038921205760296,44.2957413967529,73603200
2018-05-22,44.09782028198242,44.50307943581472,44.00828519595627,44.385271625868334,60962800
2018-05-23,44.38057327270508,44.41355932680517,43.76797101632021,43.90698701129441,80233600
2018-05-24,44.33108901977539,44.49366441518397,43.873997617810524,44.47717318699425,92936000
2018-05-25,44.43240737915039,44.6845142986647,44.21328291731223,44.34994044932966,69844000
2018-05-29,44.27220153808594,44.472476379734836,44.029517583736606,44.20151968358521,90056400
2018-05-30,44.17793273925781,44.29574055989583,44.008289189922316,44.229768467955296,74762000
2018-05-31,44.02950668334961,44.34994419353032,43.85750822129398,44.11197362013253,109931200
2018-06-01,44.82352828979492,44.82823801484715,44.23684395189632,44.293393009412675,93770000
2018-06-04,45.198158264160156,45.57278634857579,45.08506373956886,45.15339070780669,105064800
2018-06-05,45.5468635559082,45.69530257509716,45.323029393544196,45.49031809732934,86264000
2018-06-06,45.70473098754883,45.72829399486384,45.219363236624766,45.622267652366574,83734400
2018-06-07,45.58221435546875,45.756567670436446,45.318322329900795,45.74243130384017,85388800
2018-06-08,45.16753005981445,45.23821549056052,44.71279347355301,45.04265402342088,106627200
2018-06-11,45.05677795410156,45.23113482245507,44.81645258919325,45.08505427572146,73234000
2018-06-12,45.304176330566406,45.38192992552389,45.037929498912845,45.0944785484845,67644400
2018-06-13,44.931907653808594,45.445551685104874,44.87064887374254,45.33716689476205,86553600
2018-06-14,44.95547866821289,45.13690377351365,44.818821123524955,45.132190452604284,86440400
2018-06-15,44.493656158447266,44.80467052589796,44.3569986571622,44.77403934253134,246876800
2018-06-18,44.47010803222656,44.58320256034685,44.10725784482574,44.26747838860552,73939600
2018-06-19,43.75148391723633,43.90227783524535,43.22370340659945,43.62189455131984,134314000
2018-06-20,43.94232177734375,44.10725202475832,43.76089670758285,43.90698086547268,82514800
2018-06-21,43.69728088378906,44.37820998177126,43.574759736739,44.11903132362873,102847600
2018-06-22,43.57005310058594,43.859859393539764,43.51821736100589,43.85279121043432,108801600
2018-06-25,42.922119140625,43.57006242888947,42.582831898081864,43.21192549562606,126652400
2018-06-26,43.454593658447266,43.94938797353978,43.009280212947836,43.115310134188796,98276800
2018-06-27,43.3909797668457,44.12609945793199,43.360348581313914,43.64308664748483,101141200
2018-06-28,43.706703186035156,43.873991879852326,43.306157299059485,43.37684271328096,69460800
2018-06-29,43.614830017089844,44.104911190433064,43.0964761052573,43.892854866130506,90950800
2018-07-02,44.102542877197266,44.13081920457902,43.216629182120954,43.31087761470998,70925200
2018-07-03,43.33443832397461,44.28396929007822,43.24490320913668,44.24626991591381,55819200
2018-07-05,43.68314743041992,43.92112157794117,43.41925900843449,43.65016137767174,66416800
2018-07-06,44.28868103027344,44.39706223311594,43.636024569780716,43.68786030860455,69940800
2018-07-09,44.90363311767578,44.92719252665673,44.60204535912611,44.64916777229769,79026400
2018-07-10,44.849449157714844,45.0685700292257,44.80939132562234,44.934270952056835,63756400
2018-07-11,44.2674674987793,44.71513577573598,44.20385026945704,44.41354804479918,75326000
2018-07-12,45.00966262817383,45.09919773617647,44.60440337487018,44.65623911158645,72164400
2018-07-13,45.080345153808594,45.20050784745144,44.97902854938801,45.021441238162346,50055600
2018-07-16,44.98139190673828,45.391360903359555,44.86593892521994,45.12511762037944,60172400
2018-07-17,45.10862350463867,45.20758166383214,44.5784881977529,44.708077547367004,62138000
2018-07-18,44.8612174987793,45.191081559852485,44.75047785769445,45.1863682402803,65573600
2018-07-19,45.209922790527344,45.367784812191935,44.693924047732274,44.693924047732274,81147200
2018-07-20,45.10626983642578,45.33952707669777,44.80703689306761,45.18637831095939,82704800
2018-07-23,45.14631271362305,45.22877962532212,44.66329993483419,44.92718829993629,63957600
2018-07-24,45.473819732666016,45.62932692206322,45.24998558773883,45.34423040816834,74791600
2018-07-25,45.90264129638672,45.909709478060186,45.339516458198204,45.487955463759825,66839600
2018-07-26,45.75891876220703,46.171246165870855,45.61754792858129,45.85316358781776,76304000
2018-07-27,44.99787521362305,45.98981866842015,44.7905358892072,45.94269625810789,96096000
2018-07-30,44.74577713012695,45.2853354853208,44.547860810814726,45.21465005836353,84118000
2018-07-31,44.83530807495117,45.27119853960078,44.61147388845953,44.837666532786,157492000
2018-08-01,47.4765625,47.5378212863695,46.48933216360012,46.91815445381714,271742800
2018-08-02,48.864341735839844,49.097602581978514,47.20560872670718,47.25979933310733,249616000
2018-08-03,49.00569534301758,49.18240706250677,48.41429782085991,48.7795027601794,133789600
2018-08-06,49.260162353515625,49.302571441958804,48.788931085253175,49.00805189929477,101701600
2018-08-07,48.798370361328125,49.361491770413686,48.71590342386616,49.31908266786328,102349600
2018-08-08,48.831356048583984,48.963300271358555,48.188126164952756,48.548617914751276,90102000
2018-08-09,49.21541213989258,49.427464847205165,48.81957586564242,49.36856091792828,93970400
2018-08-10,49.068817138671875,49.4400328797773,48.865476836370014,49.02862242410072,98444800
2018-08-13,49.3856315612793,49.87743127630117,49.108994898045374,49.48966660204789,103563600
2018-08-14,49.59371566772461,49.785233134291715,49.24141574509612,49.690657765657285,82992000
2018-08-15,49.70956802368164,49.82778902521528,49.25796293194664,49.46839617036378,115230400
2018-08-16,50.43781661987305,50.55367090797726,50.00039741215219,50.066600893302926,114001600
2018-08-17,51.44506072998047,51.532543132376475,50.39998732105406,50.46619080521633,141708000
2018-08-20,50.94380569458008,51.823366801630385,50.86104953392936,51.56801256244055,121150800
2018-08-21,50.844482421875,51.352834849865985,50.60567731793008,51.26062262083593,104639200
2018-08-22,50.84685516357422,51.15659362058982,50.5607587429564,50.622235974791955,76072400
2018-08-23,50.950889587402344,51.31973854252035,50.74045634465841,50.75227555879988,75532800
2018-08-24,51.10930633544922,51.28427111585805,50.861041500529375,51.21334139829706,73905600
2018-08-27,51.5301628112793,51.71931710624487,51.14949110049513,51.343371637166726,82100400
2018-08-28,51.94631576538086,52.14492621424723,51.761891261745056,51.783170179590904,91107200
2018-08-29,52.721839904785156,52.8424276423776,51.8777437807323,52.0527085641898,109019200
2018-08-30,53.206546783447266,53.970253487975114,52.58470312439228,52.78568028191906,195175200
2018-08-31,53.821292877197266,54.11447864417697,53.43589126797498,53.556475387508385,173360400
2018-09-04,53.993892669677734,54.18777322429528,53.58484903952322,54.00571549067332,109560400
2018-09-05,53.64160919189453,54.30364768385519,53.223109341809504,54.142868814226496,133332000
2018-09-06,52.750213623046875,53.75509216076385,52.32461728550888,53.49027465750758,137160000
2018-09-07,52.32461929321289,53.286936430190956,52.18511936850075,52.45466312464746,150479200
2018-09-10,51.62238311767578,52.45465998116174,51.18260084633692,52.24186001307081,158066000
2018-09-11,52.927555084228516,53.03395328666953,51.20389049497037,51.54673075075559,142996000
2018-09-12,52.270240783691406,53.19945622059127,51.97941449205581,53.18527027618349,197114800
2018-09-13,53.532833099365234,53.991531148163254,52.62489670197329,52.84951587627025,166825600
2018-09-14,52.92517852783203,53.63450455616086,52.613076951433094,53.37678363174455,127997200
2018-09-17,51.5159912109375,52.71475044000342,51.371761426756805,52.52559609238329,148780400
2018-09-18,51.601097106933594,52.45465276750049,51.33627964580432,51.49469533361137,126286800
2018-09-19,51.63182830810547,51.927380750420156,50.9059533858459,51.66256691660792,108495200
2018-09-20,52.024330139160156,52.55632461019828,51.81626003598558,52.07398454389715,106435200
2018-09-21,51.4639778137207,52.33881268301883,51.37649180131732,52.20167586016159,384986800
2018-09-24,52.20403289794922,52.31516093786843,51.2204368199305,51.26536138174706,110773600
2018-09-25,52.5350456237793,52.68400522996359,51.94630377783899,51.958126598742545,98217600
2018-09-26,52.11654281616211,52.90389507297976,51.960490237444716,52.25367960280906,95938800
2018-09-27,53.18763732910156,53.53993727515141,52.85425317959996,52.92046027142845,120724800
2018-09-28,53.374412536621094,53.39805456934215,52.96773205250956,53.14978977495271,91717600
2018-10-01,53.73381423950195,54.24452988828253,53.518654734943205,53.896959816847335,94403200
2018-10-02,54.21142578125,54.381664323409666,53.584855874564354,53.73144877171672,99152800
2018-10-03,54.87110137939453,55.20211876466658,54.329647132562286,54.39348748822865,114619200
2018-10-04,53.90641784667969,54.93730520599613,53.60849859022037,54.566089500033,128168000
2018-10-05,53.03157424926758,54.00571773627825,52.15437645532441,53.89931955853073,134322000
2018-10-08,52.908634185791016,53.15216918862936,52.06453440498348,52.53978519538805,118655600
2018-10-09,53.64160919189453,53.73618818092864,52.549248025242136,52.877902345519175,107564000
2018-10-10,51.15658950805664,53.5186463057796,51.08329306782395,53.30821307731672,167962400
2018-10-11,50.70499038696289,51.89902330763163,50.201371338479035,50.721543060089694,212497600
2018-10-12,52.516136169433594,52.698197531427574,51.27008573845108,52.11654858627355,161351600
2018-10-15,51.393043518066406,52.44993975756,51.37176459969738,52.2915240188917,123164000
2018-10-16,52.52560043334961,52.72421449906567,51.25117791678364,51.76425673692637,116736000
2018-10-17,52.298614501953125,52.64145473247039,51.86119529237717,52.561065306134864,91541600
2018-10-18,51.07619857788086,51.95576305015513,50.362142773439196,51.51125096413181,130325200
2018-10-19,51.854095458984375,52.31515664645652,51.40958333577089,51.558542953192145,132314800
2018-10-22,52.1709098815918,52.81166909282478,51.76659620577531,51.967569679543956,115168400
2018-10-23,52.66272735595703,52.785678210129554,50.76409832307149,51.03127894622945,155071200
2018-10-24,50.8563117980957,53.017391656334006,50.726267969157426,52.63199362779541,163702000
2018-10-25,51.96995162963867,52.3435304176031,51.248802817676285,51.47578872209439,119423200
2018-10-26,51.14241027832031,52.062169603151254,50.284124580632735,51.04783130446249,189033600
2018-10-29,50.18244552612305,51.94393749911957,48.72832523102341,51.825716512907476,183742000
2018-10-30,50.433082580566406,50.87759111597405,49.480221547617695,49.92473008302534,146640000
2018-10-31,51.74769973754883,52.12364167690508,51.21806832318598,51.27954555631616,153435600
2018-11-01,52.542137145996094,52.57523887892228,51.26298516681588,51.792616501453125,233292800
2018-11-02,49.05699157714844,50.51583847534508,48.572284692079506,49.546428313026276,365314800
2018-11-05,47.66434097290039,48.326379281390906,46.85570978180658,48.30510036768756,264654800
2018-11-06,48.17978286743164,48.40440202496884,47.68798312025159,47.74236376500268,127531600
2018-11-07,49.640987396240234,49.66699615542772,48.26489710347668,48.6999494318693,133697600
2018-11-08,49.4677848815918,49.85452752611181,49.054939108841076,49.82131029982654,101450400
2018-11-09,48.51396942138672,48.87935890026654,47.987236547646575,48.77021813999593,137463200
2018-11-12,46.07013702392578,47.41781558554865,45.9799743974334,47.21613716957594,204542000
2018-11-13,45.60982894897461,46.784299734622806,45.42476100071037,45.46747093822109,187531600
2018-11-14,44.321475982666016,46.14368479083384,44.11505123237931,46.00606949744506,243204000
2018-11-15,45.4152717590332,45.548140683443364,44.345195403445636,44.69872449335649,185915200
2018-11-16,45.91828155517578,46.259946609491415,44.95260676177665,45.19936284522291,147713200
2018-11-19,44.09844207763672,45.24681341876194,43.892020958745455,45.080727252963975,167701200
2018-11-20,41.99150466918945,43.05683460015604,41.64272195581489,42.32130559172112,271300800
2018-11-21,41.944068908691406,42.7721322184991,41.889498500776384,42.64400598376729,124496800
2018-11-23,40.878726959228516,41.901350698379524,40.83364927354388,41.507486637209176,94496000
2018-11-26,41.431556701660156,41.50985523537514,40.397072578660236,41.34139771589679,179994000
2018-11-27,41.34141540527344,41.467166662208854,40.54419790862933,40.69367370021949,165549600
2018-11-28,42.93107986450195,43.0141211196366,41.50510326588863,41.932184473629775,184250000
2018-11-29,42.60128402709961,43.37240165859395,42.16233869639406,43.339184428515075,167080000
2018-11-30,42.37115478515625,42.786372167358834,42.003390093980876,42.77687945690844,158126000
2018-12-03,43.851680755615234,43.88015163194145,42.995146895539094,43.76626450623012,163210000
2018-12-04,41.922706604003906,43.27512777330079,41.823054898940676,42.9334627157085,165377200
2018-12-06,41.45528793334961,41.46952337319293,40.435039173164846,40.75297606435523,172393600
2018-12-07,39.977115631103516,41.40071754199759,39.9320343246601,41.163450556848574,169126400
2018-12-10,40.2404899597168,40.35674848800182,38.75282465963804,39.1490601674904,248104000
2018-12-11,40.01033401489258,40.76009495801711,39.623587659446784,40.72925271093741,189126800
2018-12-12,40.12184524536133,40.79093620431171,40.10286345370511,40.43028940365676,142510800
2018-12-13,40.56079864501953,40.94517370109351,40.22862624634583,40.451657837058576,127594400
2018-12-14,39.262939453125,40.117102042698306,39.21548678046134,40.09812024955147,162814800
2018-12-17,38.89754104614258,39.94388907533605,38.61044646813939,39.255812806752644,177151600
2018-12-18,39.402931213378906,39.74933899527448,39.00432078305257,39.23921640915953,135366000
2018-12-19,38.173885345458984,39.73035619895045,37.746804045316345,39.386319792315824,196189200
2018-12-20,37.210594177246094,38.463363988754615,36.84757585802534,38.05763571529184,259092000
2018-12-21,35.76325607299805,37.52615187290748,35.50226452935719,37.21770403005254,382978400
2018-12-24,34.83791732788086,35.95781796306272,34.780971939167266,35.151107914787005,148676800
2018-12-26,37.29125213623047,37.30548757627083,34.81181283127579,35.186695107435334,234330000
2018-12-27,37.04923629760742,37.196344282393845,35.60665629115876,36.97568411541755,212468400
2018-12-28,37.068233489990234,37.61157711002897,36.66962654849139,37.3695636838857,169165600
2018-12-31,37.42649841308594,37.810869799996105,37.12753967179389,37.61393775275985,140014000
2019-01-02,37.469200134277344,37.68986030291286,36.593684420142715,36.750281492025124,148158800
2019-01-03,33.73698806762695,34.574540108213995,33.69190676803851,34.16169431348471,365248800
2019-01-04,35.17721939086914,35.24602887817472,34.11901013881463,34.292214110307114,234428400
2019-01-07,35.09891128540039,35.31245379240385,34.61725948663249,35.28160791885267,219111200
2019-01-08,35.76799392700195,36.0218713099174,35.23888962424999,35.485645667649806,164101200
2019-01-09,36.375404357910156,36.66487039683081,35.50226350768915,35.89612398881753,180396400
2019-01-10,36.491661071777344,36.531996022628334,35.79409559379819,36.18321328363876,143122800
2019-01-11,36.13339614868164,36.46794354601697,35.94832814598715,36.273386454644076,108092800
2019-01-14,35.59003829956055,35.89136830421048,35.4049703900353,35.79171663142042,129756800
2019-01-15,36.31847381591797,36.394397399203584,35.60192621779174,35.65412526522925,114843600
2019-01-16,36.76213836669922,36.985169858060395,36.301839947576106,36.320821736245776,122278800
2019-01-17,36.980430603027344,37.407511879044904,36.363535024290115,36.58656655845522,119284800
2019-01-18,37.20822525024414,37.45972777596028,37.00891815139,37.36956512696456,135004000
2019-01-22,36.37302780151367,37.186851783715795,36.211684376745275,37.110928234724035,121576000
2019-01-23,36.5201416015625,36.80960767396495,35.9934084941028,36.57471200591153,92522400
2019-01-24,36.23066711425781,36.65300204893597,36.00289284093378,36.56521442488471,101766000
2019-01-25,37.431243896484375,37.519035156053725,36.615048386108995,36.890275378715764,134142000
2019-01-28,37.0848274230957,37.09194514242652,36.458442779137826,36.963818953658674,104768400
2019-01-29,36.700469970703125,37.51904428799125,36.565229618547896,37.07298102180622,166348800
2019-01-30,39.208370208740234,39.421909052183295,38.017288901847,38.73383622739391,244439200
2019-01-31,39.4907341003418,40.0981372570411,39.04467082321208,39.4124355280536,162958400
2019-02-01,39.509708404541016,40.09338329388807,39.36971809982081,39.61410648111566,130672400
2019-02-04,40.63197326660156,40.72925360434192,39.69002299817537,39.72086886633868,125982000
2019-02-05,41.32716751098633,41.54070999970741,40.89297205344229,41.01397692943241,144406400
2019-02-06,41.34141540527344,41.65698104148758,41.01161432418482,41.43869215205174,112958400
2019-02-07,40.55841064453125,41.270211452977485,40.41604903467955,40.90481834388098,126966800
2019-02-08,40.6060791015625,40.665650250891964,40.131891443963546,40.26771540968325,95280000
2019-02-11,40.372554779052734,40.796704677929405,40.329665299757814,40.75857827237781,83973600
2019-02-12,40.72045135498047,40.74666280397595,40.43689212564779,40.53220813832866,89134000
2019-02-13,40.551265716552734,41.099320945808756,40.48931303829851,40.8395916413653,89960800
2019-02-14,40.69901657104492,40.80862546752188,40.36065282411193,40.439287190333225,87342800
2019-02-15,40.60845947265625,40.91346345759115,40.44880923334926,40.80623611906368,98507200
2019-02-19,40.72998046875,40.851507928428646,40.38685373654159,40.4392766336708,75891200
2019-02-20,40.992088317871094,41.29947740453898,40.744274000963244,40.79193018083782,104457600
2019-02-21,40.76096725463867,41.0731195307499,40.57987224909108,40.93729918557291,68998800
2019-02-22,41.21609115600586,41.223239403756004,40.83721948150898,40.884875678488214,75652800
2019-02-25,41.516326904296875,41.90711352229098,41.449607503854075,41.499648872153486,87493600
2019-02-26,41.5401496887207,41.771286013409664,41.26373871380323,41.39241441823523,68280800
2019-02-27,41.668827056884766,41.699805218546146,41.15889815564964,41.2732773821219,111341600
2019-02-28,41.25897216796875,41.67835534148874,41.20416773449612,41.53776831669921,112861600
2019-03-01,41.69265365600586,41.735543135571554,41.197021288508566,41.528236712468996,103544800
2019-03-04,41.90235137939453,42.35509069759693,41.45437513566205,41.86422496802693,109744800
2019-03-05,41.82609558105469,41.938089634020294,41.59019251792692,41.9237931397582,78949600
2019-03-06,41.585418701171875,41.816554994525454,41.44721323244979,41.62115992759418,83241600
2019-03-07,41.104095458984375,41.566368186765395,40.989719863594985,41.43054421304361,99185600
2019-03-08,41.201786041259766,41.239912445241174,40.389234781584264,40.58462987503848,95997600
2019-03-11,42.62910842895508,42.681531325611424,41.78320110804429,41.816560802649775,128044000
2019-03-12,43.10806655883789,43.52744613325643,42.74110624977912,42.89122670675174,129870400
2019-03-13,43.29869842529297,43.67757008556457,43.110451545781046,43.42737051589921,124130000
2019-03-14,43.78002166748047,43.86818942807558,43.50122916555662,43.82052960680952,94318000
2019-03-15,44.34952926635742,44.63785523657547,43.78241438212483,44.04691043760487,156171600
2019-03-18,44.802276611328125,44.89044075986763,44.27089927495176,44.27328444822138,104879200
2019-03-19,44.44723129272461,45.03341307639729,44.30187752445981,44.8809110601797,126585600
2019-03-20,44.83562469482422,45.152543603093804,44.01830674487972,44.37573359295211,124140800
2019-03-21,46.486934661865234,46.78240882980378,45.22879245634288,45.27883381453322,204136800
2019-03-22,45.52427291870117,47.10648249507304,45.45993505954188,46.546512238552936,169630800
2019-03-25,44.97383117675781,45.7458708587234,44.4639023409663,45.633876819634864,175381200
2019-03-26,44.509178161621094,45.96033411700319,43.98257123970182,45.66962661852125,199202000
2019-03-27,44.90950393676758,45.21688950575341,44.451997889288634,44.97622334144566,119393600
2019-03-28,44.969078063964844,45.16923629122064,44.68551875738491,45.023882513727365,83121600
2019-03-29,45.26215362548828,45.2931317832796,44.92617150707696,45.233560640409536,94256000
2019-04-01,45.56955337524414,45.67439555693616,44.88805919660428,45.66486577166774,111448000
2019-04-02,46.23197555541992,46.33682135310815,45.52427005695858,45.5337998404147,91062800
2019-04-03,46.54889678955078,46.822922617672326,46.024667775160154,46.048497688881305,93087200
2019-04-04,46.62990951538086,46.79194128270273,46.02228311605566,46.41545121424215,76457200
2019-04-05,46.94207000732422,46.965899923630765,46.68710371939616,46.81101273950768,74106400
2019-04-08,47.680747985839844,47.7117225101516,46.78479559908021,46.8038588026213,103526800
2019-04-09,47.53778076171875,48.336035677504945,47.47344289751336,47.73317589155191,143072800
2019-04-10,47.804656982421875,47.833253607870596,47.22324195607037,47.342384260292086,86781200
2019-04-11,47.40671157836914,47.895195644215804,47.285187764028926,47.85945441527274,83603200
2019-04-12,47.38765335083008,47.69027578606465,46.75381913013985,47.46628769869107,111042800
2019-04-15,47.47343826293945,47.62117718246721,47.18273076972158,47.31855473245824,70146400
2019-04-16,47.478206634521484,47.98336882392176,47.313789678479274,47.528248000421726,102785600
2019-04-17,48.40275192260742,48.462323072559556,47.32570451341118,47.547307445984586,115627200
2019-04-18,48.57669448852539,48.64579541672132,48.25739402484164,48.400362590881734,96783200
2019-04-22,48.736351013183594,48.83404857594951,48.214507135311784,48.331267903197975,77758000
2019-04-23,49.43928527832031,49.50362313511346,48.58622601734535,48.71251655805477,93292000
2019-04-24,49.363040924072266,49.677574720140036,49.3368294714054,49.41069711912076,70162400
2019-04-25,48.915061950683594,49.50600673522847,48.8769355424073,49.28440380449955,74172800
2019-04-26,48.681541442871094,48.84833992518488,48.16207915688333,48.8245100123111,74596400
2019-04-29,48.75540542602539,49.07947258276034,48.57669200067746,48.70536406711703,88818800
2019-04-30,47.81657028198242,48.46708622241454,47.44484688744978,48.38607033097731,186139600
2019-05-01,50.163673400878906,51.30505499845377,49.85628424061624,50.01117140720834,259309200
2019-05-02,49.83721923828125,50.671215281428715,49.594171580722325,50.00163618282265,127985200
2019-05-03,50.45676040649414,50.478205146321336,50.094566822586664,50.25183551985448,83569600
2019-05-06,49.67756652832031,49.76334911963592,48.490910378399384,48.6791535903768,129772400
2019-05-07,48.33842086791992,49.424998214271085,47.854703353083195,49.058041478715104,155054800
2019-05-08,48.34794235229492,48.92935733960514,48.073916525359294,48.109657759852,105358000
2019-05-09,47.82848358154297,48.05723475366527,46.86104872008744,47.75223076687932,139634400
2019-05-10,47.16588592529297,47.565356793291954,46.111007044630455,47.223295764690995,164834800
2019-05-13,44.42462921142578,45.32402809525781,43.73812012203512,44.90064286413654,229722400
2019-05-14,45.12790298461914,45.376671749647436,44.35049557524216,44.58969785505046,146118800
2019-05-15,45.668487548828125,45.86702583004832,44.496398127096036,44.55619868228515,106178800
2019-05-16,45.46755599975586,46.03924912918253,45.17094394873877,45.42689206250881,132125600
2019-05-17,45.209224700927734,45.663707510433305,44.673410353458074,44.714074297471804,131516400
2019-05-20,43.79553985595703,44.09693703228056,43.12338210548431,43.89839872325471,154449200
2019-05-21,44.6351432800293,44.97002498483525,44.180656795007685,44.30504299247997,113459200
2019-05-22,43.721378326416016,44.422242678436454,43.666362841765874,44.17107963556311,118994400
2019-05-23,42.97507095336914,43.185566421251686,42.53254539430105,43.00855911757338,146118800
2019-05-24,42.810028076171875,43.56829879019288,42.72630582654269,43.10424582926103,94858800
2019-05-28,42.63300704956055,43.19752438710172,42.55646424358909,42.7980571514169,111792800
2019-05-29,42.42969512939453,42.900923841188686,42.099594865311815,42.200059369611644,113924800
2019-05-30,42.64976501464844,42.872221371398474,42.25986415074042,42.56604276106945,84873600
2019-05-31,41.87713623046875,42.575606305283934,41.8579996140433,42.15460804379681,108174400
2019-06-03,41.45374298095703,42.55885600339575,40.728960589625665,42.00390878409617,161584400
2019-06-04,42.97028732299805,43.01573632949458,41.74557310553312,41.96563871336283,123872000
2019-06-05,43.66397476196289,44.25002316291043,43.32909308993842,44.08018796856743,119093600
2019-06-06,44.30503463745117,44.36483519131341,43.570682084053516,43.79314204238784,90105200
2019-06-07,45.48429489135742,45.90768378892111,44.43659178289126,44.613599067232066,122737600
2019-06-10,46.0655632019043,46.73293577866847,45.835927468539325,45.881376473575656,104883600
2019-06-11,46.59897994995117,46.88363115164734,46.30954733221378,46.61094078992602,107731600
2019-06-12,46.450679779052734,46.87645943951271,46.25931727268128,46.39326993216043,73012800
2019-06-13,46.44110107421875,47.072594673728766,46.309542797186474,46.57266300118658,86698400
2019-06-14,46.103843688964844,46.30716341463391,45.52018960598685,45.819192423091415,75046000
2019-06-17,46.37892150878906,46.63486965392285,45.967493369838486,46.142109980575825,58676400
2019-06-18,47.46967315673828,47.909804303689334,46.69466040883223,46.89558936940522,106204000
2019-06-19,47.3309440612793,47.811742879326864,47.1969913965281,47.76389951339883,84496800
2019-06-20,47.711280822753906,47.98636194123762,47.36921971853001,47.928952089147415,86056000
2019-06-21,47.54861831665039,48.04376867773491,47.397919745896615,47.553403383165076,191202400
2019-06-24,47.50078201293945,47.87872199614494,47.40270821699431,47.49121187922274,72881600
2019-06-25,46.78078079223633,47.66343393459677,46.71380081144238,47.464895650291474,84281200
2019-06-26,47.792606353759766,48.07725759186515,47.20656161939147,47.30702611814578,104270000
2019-06-27,47.77825927734375,48.215999837860245,47.73759533236944,47.909817596404345,83598800
2019-06-28,47.3428955078125,47.72083539403826,47.134790777081065,47.52468785247962,124442400
2019-07-01,48.211212158203125,48.91446732715429,47.99592795243673,48.59871861867151,109012000
2019-07-02,48.49346923828125,48.58915232452939,48.16576333648064,48.17772417850372,67740800
2019-07-03,48.89532470703125,48.90250048134883,48.48389661312159,48.625025041282115,45448000
2019-07-05,48.85226058959961,49.05558390419779,48.53412124966637,48.6417651514746,69062000
2019-07-08,47.84523391723633,48.17533053234699,47.46011815799339,48.03420208422318,101354400
2019-07-09,48.13706970214844,48.20165169188794,47.55580624493213,47.64909499115978,82312000
2019-07-10,48.613067626953125,48.73266874059022,48.21360034539757,48.28297103527144,71588400
2019-07-11,48.25904083251953,48.89053445503686,48.249474351089496,48.632195657197634,80767200
2019-07-12,48.62980270385742,48.79724349566918,48.366678852484995,48.42647939598459,70380800
2019-07-15,49.08669662475586,49.244567339973045,48.797260288640274,48.81878761572397,67789600
2019-07-16,48.91685104370117,49.30196674070282,48.6776488381085,48.93837836621987,67467200
2019-07-17,48.64177322387695,49.057982753514956,48.62263660815599,48.80921404901501,56430000
2019-07-18,49.194332122802734,49.246956906066245,48.725494140074105,48.797255539973115,74162400
2019-07-19,48.4599723815918,49.395253851076205,48.404956898073856,49.225418684647934,83717200
2019-07-22,49.567481994628906,49.569872702739694,48.70396187494887,48.71352835732806,89111600
2019-07-23,49.954994201660156,49.971740110187,49.58423000504602,49.864099833734244,73420800
2019-07-24,49.91433334350586,50.029149402153855,49.555529966536255,49.67513109219279,59966400
2019-07-25,49.5196533203125,50.05068263415217,49.45028262034111,49.966960382445144,55638400
2019-07-26,49.69186782836914,50.16787788464866,49.548345044101694,49.62967291854977,70475600
2019-07-29,50.15591812133789,50.385553851109734,49.859309714055385,49.864094780283324,86693600
2019-07-30,49.94063949584961,50.27073972938734,49.589011938368884,49.93585442943909,135742800
2019-07-31,50.959632873535156,52.95218755117396,50.54342339953186,51.768137442475606,277125600
2019-08-01,49.8569221496582,52.15326516054023,49.45267342174729,51.16535872118057,216071600
2019-08-02,48.802024841308594,49.37849926275325,48.23033183502588,49.16321878253818,163448400
2019-08-05,46.24736404418945,47.517527460024354,46.06557164067767,47.3596567424727,209572000
2019-08-06,47.12284469604492,47.37879286336873,46.41480440834536,46.95779455449021,143299200
2019-08-07,47.61080551147461,47.73519168066867,46.362173353172416,46.742503985009016,133457600
2019-08-08,48.66091537475586,48.684837061406505,47.69453982302289,47.88829307510755,108038000
2019-08-09,48.259925842285156,48.68491980321308,47.851734087471264,48.3343596886464,98478800
2019-08-12,48.13745880126953,48.51443488116721,47.8181106881789,47.93096316663212,89927600
2019-08-13,50.17601776123047,50.937169522243664,48.13747316664997,48.2671352147092,188874000
2019-08-14,48.682518005371094,49.56852841372435,48.644099355992225,48.780964420477915,146189600
2019-08-15,48.43999099731445,49.256366873452755,47.9429595042082,48.85298218090522,108909600
2019-08-16,49.58293533325195,49.74140951677776,48.944239015747925,49.04988847143179,110481600
2019-08-19,50.507362365722656,51.078824190677665,50.43052506876509,50.57218971325113,97654400
2019-08-20,50.5097541809082,51.22768744778922,50.50015135220696,50.634612936844775,107537200
2019-08-21,51.057212829589844,51.29972366781528,50.80749895306689,51.141253161466004,86141600
2019-08-22,51.01399612426758,51.48941498513007,50.60340461002002,51.189276167751544,89014800
2019-08-23,48.656105041503906,50.91555099493653,48.262323049739784,50.28645752648354,187272000
2019-08-26,49.580535888671875,49.74861290398016,49.23717515529538,49.429264742992345,104174400
2019-08-27,49.02107620239258,50.075163637483826,48.869805058122104,49.909486415436,103493200
2019-08-28,49.35002899169922,49.395650682194926,48.819385567248915,49.00667191279658,63755200
2019-08-29,50.18560791015625,50.26004541127674,49.621349155907794,50.06315259687426,83962000
2019-08-30,50.12078094482422,50.5313687808023,49.751007883111264,50.46173818969739,84573600
2019-09-03,49.39085388183594,49.69819580509852,49.035490470026964,49.5661339637424,80092000
2019-09-04,50.22883605957031,50.2984666588224,49.77982952447207,50.03674646797927,76752400
2019-09-05,51.21088790893555,51.3765651308316,50.7858902958723,50.90354603728645,95654800
2019-09-06,51.206092834472656,51.48462259504806,51.026009506070324,51.39578265878708,77449200
2019-09-09,51.424591064453125,51.96964425782235,50.680248893016675,51.58546505309072,109237600
2019-09-10,52.032066345214844,52.05127566981013,50.833914491991756,51.3501518092004,127111600
2019-09-11,53.68643569946289,53.71525152055803,52.27938461882768,52.3610251708255,177158400
2019-09-12,53.566383361816406,54.36595374868243,53.51115883577232,53.97697494678176,128906800
2019-09-13,52.5242919921875,53.01411692029238,52.10890090309722,52.82443080357143,159053200
2019-09-16,52.8004264831543,52.85565467101706,52.238567419766575,52.279385864836165,84632400
2019-09-17,52.99250411987305,53.021319935148554,52.61312824901063,52.8148243007248,73274800
2019-09-18,53.489540100097656,53.50874942392138,52.68996985697935,53.07894858894895,101360000
2019-09-19,53.0549430847168,53.72725114264616,52.91327477040642,53.307056774538246,88242400
2019-09-20,52.279388427734375,53.43912547264002,52.21696086112126,53.155796135159825,221652400
2019-09-23,52.517093658447266,52.78601688512093,52.2601730542611,52.572318178824,76662000
2019-09-24,52.26737594604492,53.42231327005474,52.149723866608696,53.07174949586762,124763200
2019-09-25,53.07174301147461,53.18459549366252,52.13771121007937,52.476268656643114,87613600
2019-09-26,52.79802703857422,53.05014441394907,52.54350987128694,52.824439404828816,75334000
2019-09-27,52.54110336303711,53.054940879557066,52.17133028274097,52.95409101125522,101408000
2019-09-30,53.77766799926758,53.924135874983264,53.01411301418795,53.04052537419581,103909600
2019-10-01,53.926544189453125,54.79814854366671,53.832901018952796,54.04180014068749,139223200
2019-10-02,52.5747184753418,53.68403038252034,52.3274007167669,53.55917160743665,138449200
2019-10-03,53.02132797241211,53.05494337549281,51.65509540469614,52.447459000713295,114426000
2019-10-04,54.50761032104492,54.622866267592265,53.7584649875072,54.17865934180888,138478800
2019-10-07,54.51961135864258,55.208728860944525,54.22667560102354,54.32992525189106,122306000
2019-10-08,53.880924224853516,54.75973164617533,53.86411835463812,54.221885178414524,111820000
2019-10-09,54.512420654296875,54.69490376434556,54.17866638461821,54.512420654296875,74770400
2019-10-10,55.24715805053711,55.33119839486909,54.577249742952276,54.728517233423744,113013600
2019-10-11,56.71663284301758,57.059989886560345,55.78019754791175,55.93386847365883,166795600
2019-10-14,56.6349983215332,57.17765169810714,56.34686576310509,56.40209028471779,96427600
2019-10-15,56.50294494628906,57.06240057658288,56.39729547769647,56.75986191418055,87360000
2019-10-16,56.27482604980469,56.48372515630135,55.99389655879597,56.034714997954104,73903200
2019-10-17,56.49332046508789,56.70221587996945,56.07072638906214,56.44769878510148,67585200
2019-10-18,56.7646598815918,57.045589398505086,56.255621913343404,56.327655968301634,97433600
2019-10-21,57.74911880493164,57.86437476979903,56.983167480651296,57.03118896744375,87247200
2019-10-22,57.617061614990234,58.154908138327166,57.535421055865456,57.90519420446426,82293600
2019-10-23,58.39020538330078,58.40461512439032,57.91958976088768,58.130888664552984,75828800
2019-10-24,58.48625946044922,58.77919528194411,58.06126180732885,58.70956101444865,69275200
2019-10-25,59.20658874511719,59.242603940499954,58.31817850890162,58.38540931615225,73477200
2019-10-28,59.79966354370117,59.847685025604804,59.240204303203505,59.40828132176833,96572800
2019-10-29,58.4166145324707,59.967733495416816,58.24373795075097,59.7804471734003,142839600
2019-10-30,58.40941619873047,58.89924482176762,57.91719144782321,58.76958279527963,124522000
2019-10-31,59.73003387451172,59.82848030145837,56.968756318935924,59.36506765293137,139162000
2019-11-01,61.42521667480469,61.45162537567779,59.826076043549875,59.91731576023175,151125200
2019-11-04,61.82859420776367,61.912634539198656,61.31955996379076,61.78777210588694,103272000
2019-11-05,61.73976135253906,61.99427850362642,61.5452719696819,61.72054836324468,79897600
2019-11-06,61.76616668701172,61.826194451970366,61.31716017753835,61.65331419578515,75864400
2019-11-07,62.47902297973633,62.7005915790344,62.16112308276353,62.3128483676645,94940400
2019-11-08,62.65000915527344,62.72225577985121,61.85767020757698,62.300799987400765,69986400
2019-11-11,63.14613342285156,63.211155396483534,62.202069046791834,62.20688303941407,81821200
2019-11-12,63.088321685791016,63.28821627609812,62.837861804605424,62.98957972605956,87388800
2019-11-13,63.69282150268555,63.767478813815906,62.87399440184441,62.88844372983046,102734400
2019-11-14,63.25210189819336,63.791563071866,63.12205059753754,63.51942181384487,89182800
2019-11-15,64.00349426269531,64.00830825530088,63.341206473883005,63.502559746650064,100206400
2019-11-18,64.32620239257812,64.40567368628587,63.635016010866224,64.01311651070851,86703200
2019-11-19,64.13113403320312,64.54295455850364,63.914386775129536,64.51886989658281,76167200
2019-11-20,63.38454818725586,64.08054855468487,62.71262513008036,63.9505046207332,106234400
2019-11-21,63.10037612915039,63.58203998760828,62.900481512110325,63.50497200634929,121395200
2019-11-22,63.04497146606445,63.38213463998186,62.818588902947205,63.240044707745454,65325200
2019-11-25,64.15040588378906,64.1672658843364,63.22320139858819,63.26896005744073,84020400
2019-11-26,63.64947509765625,64.34066158536174,63.21838386975903,64.28767826489613,105207600
2019-11-27,64.50442504882812,64.53814504778033,63.89512054291369,63.960142519969104,65235600
2019-11-29,64.36235046386719,64.54297445955625,64.03722580170505,64.20581113752517,46617600
2019-12-02,63.61817169189453,64.6031735303105,63.44718305749584,64.36715556270056,94487200
2019-12-03,62.483848571777344,62.50311189277975,61.72281877405297,62.20929663764317,114430400
2019-12-04,63.03535079956055,63.413458716319425,62.78006952636724,62.873997512530956,67181600
2019-12-05,63.96014404296875,64.03480870676835,63.27377888666242,63.5290601576945,74424400
2019-12-06,65.19560241699219,65.26544572676671,64.37436474563619,64.41772007388622,106075600
2019-12-09,64.28286743164062,65.21728922547906,63.79879285948436,65.02462660501106,128042400
2019-12-10,64.6585693359375,65.04149128263923,64.0275834068731,64.68746799612504,90420400
2019-12-11,65.21007537841797,65.28955405101115,64.66338940620615,64.73804673524272,78756800
2019-12-12,65.376220703125,65.64113724354316,64.3791805323222,64.48996114027678,137310400
2019-12-13,66.2649154663086,66.3010387920999,65.24860425293159,65.37624490379989,133587600
2019-12-16,67.39922332763672,67.62320261796066,66.70563351279964,66.71044750574998,128186000
2019-12-17,67.53168487548828,67.85921278461262,67.14394163202556,67.32938692874545,114158400
2019-12-18,67.37031555175781,67.89051335467951,67.22100094482415,67.38476487826064,116028400
2019-12-19,67.43775177001953,67.71711767990757,67.18006720064264,67.31252181714845,98369200
2019-12-20,67.29808807373047,68.07115666009031,67.08615475855936,67.97001134578234,275978000
2019-12-23,68.39627838134766,68.45648637288053,67.52205716835296,67.560591164887,98572000
2019-12-24,68.46129608154297,68.61061806486987,68.13617882730028,68.562448734815,48478800
2019-12-26,69.81962585449219,69.83648586319242,68.56489283561154,68.5937915078911,93121200
2019-12-27,69.79308319091797,70.7973554694835,69.38848735406549,70.11098306970483,146266000
2019-12-30,70.20732116699219,70.4890977572307,68.69008295692782,69.71120798213394,144114400
2019-12-31,70.72029113769531,70.72751580123949,69.72565414200866,69.8243961101836,100805600
2020-01-02,72.33387756347656,72.39408555090253,71.0911838210517,71.34405442839761,135480400
2020-01-03,71.63064575195312,72.38926493117573,71.40667380039741,71.56321309934685,146322800
2020-01-06,72.20140075683594,72.23993474282962,70.50353879987532,70.7540060340311,118387200
2020-01-07,71.8618392944336,72.4663224088167,71.64268136784916,72.211041164577,108872000
2020-01-08,73.01782989501953,73.31886979288494,71.56561372170107,71.56561372170107,132079200
2020-01-09,74.56880187988281,74.76146451044018,73.74275001069596,73.99320996049889,170108400
2020-01-10,74.73737335205078,75.30092656417412,74.23644614635045,74.8024026801614,140644800
2020-01-13,76.33409881591797,76.36059415429726,74.93486566437117,75.05287832688332,121532000
2020-01-14,75.30333709716797,76.48100893453174,75.18051779267843,76.27148630079421,161954400
2020-01-15,74.9806137084961,75.98247543934815,74.54952248725758,75.10344034713454,121923600
2020-01-16,75.91986083984375,76.03064882750155,75.1612416745226,75.52248959606675,108829200
2020-01-17,76.7603759765625,76.76277929851412,75.86207008807327,76.16792404225187,137816400
2020-01-21,76.24015808105469,76.83019183971173,76.1028821310267,76.38947268651397,110843200
2020-01-22,76.51229858398438,77.06379835057774,76.41837061392836,76.72422448512405,101832400
2020-01-23,76.88077545166016,76.96024675038308,76.01859307367198,76.56528622859716,104472000
2020-01-24,76.65921020507812,77.86818383448923,76.46895092458591,77.12642473209515,146537600
2020-01-27,74.40504455566406,75.08418516629278,73.42485661478304,74.67236453066312,161940000
2020-01-28,76.50992584228516,76.68091452042809,75.18534971807999,75.28409172929213,162234000
2020-01-29,78.1114273071289,78.95674973344263,77.39856685210137,78.13792264122904,216229200
2020-01-30,77.99822998046875,78.05121329496869,76.76517176985938,77.19626294921763,126743200
2020-01-31,74.5398941040039,77.71164655303768,74.24607885109228,77.29019066933044,199588400
2020-02-03,74.33518981933594,75.4984048922783,72.78423148900761,73.28515870612867,173788400
2020-02-04,76.78926849365234,76.97952779146334,75.53212542449515,75.93672133535755,136616400
2020-02-05,77.41545104980469,78.21260439944355,76.81337103650588,77.91396771511286,118826800
2020-02-06,78.32093048095703,78.32334115153373,77.12881713275685,77.68513816517135,105425600
2020-02-07,77.25637817382812,78.0699069624119,76.76632925971391,77.82126159942887,117684000
2020-02-10,77.623291015625,77.623291015625,75.7644885208781,75.8441484328751,109348800
2020-02-11,77.15497589111328,78.19059906005786,76.9377141953968,78.11818095050265,94323200
2020-02-12,78.98723602294922,78.99206144129231,77.60399117788235,77.60399117788235,113730400
2020-02-13,78.42472839355469,78.75062448611214,78.05779784487349,78.26057583496424,94747600
2020-02-14,78.44407653808594,78.6927218682662,77.93712767417983,78.39337649475979,80113600
2020-02-18,77.00769805908203,77.18875064072564,75.94793341167819,76.1289859933218,152531200
2020-02-19,78.12300872802734,78.35234502696264,77.24912913343354,77.24912913343354,93984000
2020-02-20,77.321533203125,78.3716398349872,76.81700080414447,77.88400744802773,100566000
2020-02-21,75.57136535644531,77.35775721221363,74.95578935685651,76.91598466630131,129554000
2020-02-24,71.98170471191406,73.43012593023869,69.82114748147725,71.75961758398634,222195200
2020-02-25,69.54353332519531,73.0318176639516,69.07280081018256,72.65040328612861,230673600
2020-02-26,70.646728515625,71.90927139616765,69.16209855410392,69.16934036398257,198054800
2020-02-27,66.0286865234375,69.04140503149553,65.89350114490772,67.85852928583456,320605600
2020-02-28,65.99005889892578,67.20915102510166,61.88861568726967,62.103468343907636,426510000
2020-03-02,72.1337890625,72.7686815326321,67.0425894386722,68.14338895911868,341397200
2020-03-03,69.8428726196289,73.38667475068135,68.99312746023453,73.30701482551375,319475600
2020-03-04,73.0824966430664,73.24182384454771,70.76261243598904,71.56165746891385,219178400
2020-03-05,70.71192932128906,72.31242862903635,70.3474076125405,71.33957264179317,187572800
2020-03-06,69.77287292480469,70.20498737405435,67.889928042293,68.07580613740882,226176800
2020-03-09,64.25437927246094,67.1319051551366,63.48912685930832,63.670179502443226,286744800
2020-03-10,68.88206481933594,69.14761010810192,65.02685113261988,66.90256079781972,285290000
2020-03-11,66.48978424072266,67.88751298901103,65.62797171834961,66.96294054735044,255598800
2020-03-12,59.92357635498047,65.1789304045408,59.86805459380043,61.7847985439497,418474000
2020-03-13,67.10294342041016,67.5736832780311,61.06302571813862,63.94538830639056,370732000
2020-03-16,58.47035217285156,62.54282496971143,57.9368487366503,58.40758489593045,322423600
2020-03-17,61.041290283203125,62.1879532458274,57.55059398806874,59.74978006097213,324056000
2020-03-18,59.5469970703125,60.350871115595204,57.24159305699179,57.88131450093201,300233600
2020-03-19,59.09075164794922,61.03646337436918,58.56690646649194,59.72081496454535,271857200
2020-03-20,55.33934020996094,60.79264444451166,55.03999854094989,59.67011594836406,401693200
2020-03-23,54.16371154785156,55.160709355187784,51.324807219579434,55.05932030955582,336752800
2020-03-24,59.59769821166992,59.79323446043245,56.56084169108887,57.05813231967632,287531200
2020-03-25,59.26939010620117,62.34245572079971,58.974877532799404,60.53192941719469,303602000
2020-03-26,62.3883171081543,62.4462515869641,59.47216257409066,59.5107880156471,252087200
2020-03-27,59.805301666259766,61.767909526223264,59.638732669554486,61.01473181958192,204216800
2020-03-30,61.51202392578125,61.683422027854625,60.206030134757754,60.529513617295876,167976400
2020-03-31,61.386505126953125,63.36601343634172,60.83369263605144,61.70274686140532,197002000
2020-04-01,58.15652084350586,60.04188167908633,57.726822887688364,59.50596558883749,176218400
2020-04-02,59.126956939697266,59.18006600388776,57.188487147319506,58.018915768998035,165934000
2020-04-03,58.27724075317383,59.31286051943416,57.68821541222238,58.612791591368115,129880000
2020-04-06,63.3611946105957,63.51568906281684,60.20122279835169,60.56815356854759,201820400
2020-04-07,62.627315521240234,65.58934152567265,62.52351377225885,65.37207245676143,202887200
2020-04-08,64.23023223876953,64.54405384793799,63.06184016051964,63.42635444288139,168895200
2020-04-09,64.6937255859375,65.19584902236409,63.89951332637289,64.86512738575412,161834800
2020-04-13,65.96351623535156,66.07215077341053,64.17229875609489,64.77098217772529,131022800
2020-04-14,69.29486846923828,69.58455560243435,67.12223707141726,67.59297682109842,194994800
2020-04-15,68.66239929199219,69.12106449233013,67.7450688913163,68.17235045630129,131154400
2020-04-16,69.20795440673828,69.5724759670409,68.16026433690568,69.3745233735621,157125200
2020-04-17,68.26890563964844,69.27073604048029,66.83496828577375,68.72516178272222,215250000
2020-04-20,66.85188293457031,67.99854979022932,66.83257389218826,67.09811926901436,130015200
2020-04-21,64.78546142578125,66.92912586019385,64.07573448825138,66.69496415132106,180991600
2020-04-22,66.65151977539062,67.08604320648949,65.7100474299754,66.05041994300701,116862400
2020-04-23,66.39320373535156,68.01543553598502,66.35457829164004,66.59598178954948,124814400
2020-04-24,68.3099365234375,68.31959472449138,66.86875759043463,66.91704122865521,126161200
2020-04-27,68.35823059082031,68.68895219864656,67.58091104598891,68.02750161594408,117087600
2020-04-28,67.25018310546875,69.00035846269303,67.15845596472252,68.81930583953189,112004800
2020-04-29,69.45905303955078,69.92737656274731,68.53206419889801,68.73484231712963,137280800
2020-04-30,70.92435455322266,71.10058178322025,69.60870972779222,69.99736587702316,183064000
2020-05-01,69.7824935913086,72.17962796257615,69.00517422626046,69.10173412805158,240616800
2020-05-04,70.76985168457031,70.89779524622708,69.11865261133845,69.80665406694762,133568000
2020-05-05,71.83200073242188,72.6624290827312,71.08364866048586,71.22849218522312,147751200
2020-05-06,72.57315063476562,73.20321036598678,72.14827802802382,72.53210878963873,142333600
2020-05-07,73.32388305664062,73.6690955962119,72.8966015934725,73.1983559121912,115215200
2020-05-08,75.06912231445312,75.12237513838589,73.65551062741005,73.98228898395239,133838400
2020-05-11,76.25038146972656,76.74417245398942,74.36959376483475,74.57776663572473,145946400
2020-05-12,75.37899017333984,77.38322234083661,75.25796164296686,76.93299236661157,162301200
2020-05-13,74.46883392333984,76.47791143801962,73.39410026175051,75.55809041384309,200622400
2020-05-14,74.92632293701172,74.98683718466037,72.98744407851115,73.70877656980059,158929200
2020-05-15,74.48336791992188,74.5293593473761,72.66794016355354,72.70183169409641,166348400
2020-05-18,76.23827362060547,76.61104348348049,75.11513293810333,75.80499689236754,135178400
2020-05-19,75.79772186279297,77.09998213452099,75.76625327530091,76.25520568719914,101729600
2020-05-20,77.27184295654297,77.3420341535439,76.61586330214624,76.65459330065981,111504800
2020-05-21,76.69574737548828,77.67365953830173,76.45852890117943,77.1338698714014,102688800
2020-05-22,77.18954467773438,77.27184315466477,76.33266100253039,76.43432078527125,81803200
2020-05-26,76.66670227050781,78.48454498542678,76.6110265113562,78.3054252019707,125522000
2020-05-27,77.00071716308594,77.14595278095526,75.7855941804598,76.52387216004948,112945200
2020-05-28,77.03461456298828,78.29089056504547,76.40042661637571,76.67636766312725,133560800
2020-05-29,76.9595947265625,77.73659554294788,76.60377068012559,77.27668877080987,153532400
2020-06-01,77.90603637695312,78.02706486056282,76.78288850329889,76.91360133395523,80791200
2020-06-02,78.26670837402344,78.29091555107586,77.1992361328535,77.6397816394303,87642800
2020-06-03,78.69757080078125,78.9589964979716,78.0149682866651,78.58622664893751,104491200
2020-06-04,78.01979064941406,78.81857555541607,77.6470209126839,78.52085026224736,87560400
2020-06-05,80.24186706542969,80.30238129398582,78.24005904410956,78.26910469189798,137250400
2020-06-08,80.71630859375,80.75020011255444,79.2300827598663,79.93930785149966,95654400
2020-06-09,83.26517486572266,83.65730597576551,80.36533708864444,80.3968056767083,147712400
2020-06-10,85.40737915039062,85.87454732273147,83.77349462695621,84.21161714524366,166651600
2020-06-11,81.30695343017578,84.97653882509627,81.20529361612985,84.5529390302518,201662400
2020-06-12,82.0088882446289,84.18740070270101,80.90027071068629,83.44186857843707,200146000
2020-06-15,83.02310943603516,83.67424321088224,80.5032957450343,80.66547714891838,138808800
2020-06-16,85.22341918945312,85.49452921505798,83.44188334314991,85.07334504214955,165428800
2020-06-17,85.10482788085938,86.02706454807957,84.98379936928724,85.96655029229349,114406400
2020-06-18,85.13870239257812,85.55504068464955,84.53113702208627,85.06124238777585,96820400
2020-06-19,84.65216827392578,86.30783714893171,83.54596609025744,85.8430918789263,264476000
2020-06-22,86.86700439453125,87.00981715451016,84.99832384422328,85.04431527047004,135445200
2020-06-23,88.72113800048828,90.1371727058119,87.6899729783668,88.1087341820106,212155600
2020-06-24,87.15503692626953,89.26819705246864,86.78226710315806,88.35079901624333,192623200
2020-06-25,88.31208038330078,88.3508103921037,86.55232854521968,87.30996818337783,137522400
2020-06-26,85.59862518310547,88.4282723384794,85.45096655963653,88.2079995637923,205256800
2020-06-29,87.57136535644531,87.66577111516035,85.02976731524565,85.50661981464565,130646000
2020-06-30,88.3023452758789,88.58797800323717,87.14047522763956,87.15983652741471,140223200
2020-07-01,88.13536071777344,88.92204587845694,88.08695375546539,88.37984062385425,110737200
2020-07-02,88.13536071777344,89.67484690422407,88.02160103220285,89.04065881814572,114041600
2020-07-06,90.49300384521484,90.9601720457748,89.52961440129422,89.56108299075036,118655600
2020-07-07,90.21221923828125,91.6476154008952,90.10087509241899,90.87061453958542,112424400
2020-07-08,92.31328582763672,92.34475442259624,91.10057777662374,91.18772214628044,117092000
2020-07-09,92.71025085449219,93.25729463316677,91.66456287634601,93.20404179945581,125642800
2020-07-10,92.87242126464844,92.93051996359854,91.69602787555728,92.30600881208682,90257200
2020-07-13,92.44397735595703,96.77921853086478,92.23096604261153,94.17468319640058,191649200
2020-07-14,93.97377014160156,94.16498980895781,90.89480551473416,91.82671884066302,170989200
2020-07-15,94.62008666992188,96.09421302015997,93.42432441242931,95.84489458759741,153198000
2020-07-16,93.4557876586914,94.31024858615012,92.85790656415841,93.49451766571708,110577600
2020-07-17,93.26697540283203,94.06092201052024,92.79496133182224,93.90600938284572,92186800
2020-07-20,95.23248291015625,95.37045717183655,93.01040144233045,93.35412562962276,90318000
2020-07-21,93.91810607910156,96.09661884897764,93.66878769091768,96.02158177786353,103433200
2020-07-22,94.18193054199219,94.8621099281947,93.53321973878694,93.62035668832587,89001600
2020-07-23,89.89510345458984,93.99312548879989,89.08663419834281,93.91566549865867,197004400
2020-07-24,89.67242431640625,90.01614846898383,86.31267234298356,88.09663844239333,185438800
2020-07-27,91.79766845703125,91.88965127303891,90.50993119389801,90.73261943445108,121214000
2020-07-28,90.28968048095703,91.54595685387366,90.28483461346657,91.36925259131361,103625600
2020-07-29,92.02040100097656,92.20436670679456,90.73507876836658,90.77138584530584,90329200
2020-07-30,93.13385772705078,93.2379404686909,90.78832470426487,91.19497870904048,158130000
2020-07-31,102.88390350341797,103.03397765297315,97.62157959922047,99.61613418906329,374336800
2020-08-03,105.47631072998047,108.09052270549662,104.4645145020522,104.7622398081077,308151200
2020-08-04,106.1806869506836,107.26994306541734,104.94377227693963,105.66510454112444,173071600
2020-08-05,106.56559753417969,106.88511455690511,105.43761099297775,105.90236369757778,121776800
2020-08-06,110.2835693359375,110.77736760867772,106.30899814130089,106.89719478834881,202428800
2020-08-07,107.77619934082031,110.26175680038186,106.98082124977309,109.80586800423681,198045600
2020-08-10,109.34271240234375,110.35876045671141,106.69710821737102,109.21903838608283,212403600
2020-08-11,106.09088134765625,109.10507306907006,105.83141158748525,108.60796447088038,187902400
2020-08-12,109.6167221069336,109.87376452711321,106.98566715289093,107.17965891895842,165598000
2020-08-13,111.55667877197266,112.55817781440562,110.50667808377885,110.99409224252035,210082000
2020-08-14,111.45722961425781,111.54695097773372,109.65065103503774,111.38205726105852,165565200
2020-08-17,111.16625213623047,112.60181637912858,110.54062239475888,112.57756555807367,119561600
2020-08-18,112.09258270263672,112.51694618501556,110.58427334354063,110.91891544512356,105633600
2020-08-19,112.23322296142578,113.64453639963617,112.13865437861999,112.49996719549999,145538000
2020-08-20,114.7236328125,114.83760501028006,112.25747159683876,112.27444791147464,126907200
2020-08-21,120.63562774658203,121.1181872782855,115.66935990258521,115.68148161330981,338054800
2020-08-24,122.0784683227539,124.91807177754512,120.21612051624737,124.83319019483912,345937600
2020-08-25,121.07695007324219,121.42129395286675,119.35767277780953,120.95328347307442,211495600
2020-08-26,122.7234878540039,123.17937664467517,121.32672345710665,122.39127306939878,163022400
2020-08-27,121.25641632080078,123.65709978806709,120.11426694187719,123.32488497435537,155552400
2020-08-28,121.05999755859375,122.64589926041506,120.83690034715939,122.22881026536905,187630000
2020-08-31,125.16541290283203,127.06656806710367,122.21669905690888,123.7492594402055,225702700
2020-09-01,130.1510467529297,130.75244043183687,126.61064913629612,128.77368605712132,151948100
2020-09-02,127.45453643798828,133.8369650688364,123.18665813924054,133.4586759232684,200119000
2020-09-03,117.25042724609375,124.97141760627962,116.88183987574337,123.09937532501802,257599600
2020-09-04,117.32801055908203,119.98573625952378,107.56037630423063,116.46473461185484,332607200
2020-09-08,109.43241882324219,115.41715402612338,109.29662311428591,110.52848630276392,231366600
2020-09-09,113.79730987548828,115.56266164657546,111.79916649731042,113.73911382379356,176940500
2020-09-10,110.08230590820312,116.88182317054356,109.12203408038299,116.74602745349068,182274400
2020-09-11,108.63705444335938,111.77007275174712,106.6971070425851,111.12988655734183,180860300
2020-09-14,111.89615631103516,112.44904097306566,109.41302623599448,111.27537379227499,140150100
2020-09-15,112.07075500488281,115.26196916143692,110.1987055878256,114.7769823425134,184642000
2020-09-16,108.76312255859375,112.51692255269627,108.67582849841733,111.77004623671577,154679000
2020-09-17,107.02687072753906,108.83102200073318,105.44581661191643,106.42549190334795,178011000
2020-09-18,103.6319808959961,107.5506753180143,102.9045006607274,107.08509211161683,287104900
2020-09-21,106.77468872070312,106.88138640178967,100.00427017683465,101.40103443810513,195713800
2020-09-22,108.45276641845703,109.47124185175878,105.88234181116601,109.29664627463028,183055400
2020-09-23,103.90357971191406,108.74374613747926,103.56408301527631,108.2684611226227,150718700
2020-09-24,104.97055053710938,106.93959588038079,101.84723417179123,102.01212791770884,167743300
2020-09-25,108.90864562988281,109.06384497371614,104.4370662899755,105.17424837255975,149981400
2020-09-28,111.5081787109375,111.85736984450415,109.39363569114487,111.55668035738763,137672400
2020-09-29,110.66427612304688,111.84764500982021,110.15989314523581,111.11047045765872,99382200
2020-09-30,112.33264923095703,113.73911550361659,110.20841190929694,110.37330565840851,142675200
2020-10-01,113.2832260131836,114.18530182393523,112.35205217632898,114.10770215411938,116120400
2020-10-02,109.62642669677734,111.90587086149135,108.85045216012577,109.50033277715342,144712000
2020-10-05,113.00192260742188,113.14742012517607,110.1405034929378,110.4896945754234,106243800
2020-10-06,109.76221466064453,112.63333559022071,108.87953514429641,112.22594105943094,161498200
2020-10-07,111.62458801269531,112.08047688818796,110.70310845150664,111.17840094740609,96849000
2020-10-08,111.51785278320312,112.90491516312255,111.1492581226096,112.75941766027303,83477200
2020-10-09,113.45781707763672,113.48691510258755,111.46936816913343,111.81855926916633,100506900
2020-10-12,120.66471099853516,121.42128918284882,115.69844376260184,116.45502194691551,240226800
2020-10-13,117.46381378173828,121.62500184957032,116.05735487456657,121.50860234126793,262330500
2020-10-14,117.55110931396484,119.33585728240598,116.02825097556021,117.36681195189107,150712000
2020-10-15,117.08553314208984,117.56081821833106,114.60240265361523,115.15528740769942,112559200
2020-10-16,115.44625091552734,117.90029026113083,115.24255735409358,117.63839325335097,115393800
2020-10-19,112.49755096435547,116.80422908289772,112.1871596819352,116.35804207693808,120639300
2020-10-20,113.98160552978516,115.40746797741103,112.15805033404632,112.71093501778782,124423700
2020-10-21,113.36083221435547,115.14558032107824,112.95343762450592,113.16683302863848,89946000
2020-10-22,112.2744369506836,114.49567723930029,111.14926409518415,113.92338900408984,101988000
2020-10-23,111.58576965332031,113.05043193781697,110.84858760677534,112.89523260157101,82572600
2020-10-26,111.59547424316406,113.05043475532885,109.490625744662,110.58670073335905,111850700
2020-10-27,113.09893035888672,113.75851276167866,111.10078693291935,112.02225897491293,92276800
2020-10-28,107.86105346679688,111.9640447506843,107.76405759395712,111.5954574737689,143937800
2020-10-29,111.85735321044922,113.41901126991604,108.83103296967955,108.99593410290058,146129200
2020-10-30,105.59133911132812,108.6273541724171,104.4855696692542,107.72527832227131,190272600
2020-11-02,105.50401306152344,107.35666597624237,104.09755446367568,105.83380789569206,122866900
2020-11-03,107.12388610839844,108.14235394209176,105.46523215040254,106.36730788899447,107624400
2020-11-04,111.49847412109375,112.119256698551,108.97654397513469,110.71279779031768,138235500
2020-11-05,115.45596313476562,116.02825144019144,113.36082388514865,114.40838980980128,126387100
2020-11-06,115.32479858398438,115.82033327578648,112.83737692583377,114.96528648231298,114457900
2020-11-09,113.02196502685547,118.53120106910235,112.75962363044832,117.08344929046696,154515300
2020-11-10,112.68192291259766,114.25598657554706,110.8940882741732,112.27383288243148,138023400
2020-11-11,116.10211944580078,116.2381494579348,113.1385999950758,113.86733537997074,112295000
2020-11-12,115.83004760742188,117.1126214574974,115.20819406878398,116.22842646880996,103162300
2020-11-13,115.87863159179688,116.27700303551688,114.52804275815001,116.05352836084144,81581900
2020-11-16,116.88912200927734,117.5595533120289,114.80007974574167,115.54824457761953,91183000
2020-11-17,116.00493621826172,117.24864320805052,115.58712770640344,116.16040329852451,74271000
2020-11-18,114.6834945678711,116.42274359265693,114.65434634387621,115.24705160870013,76322100
2020-11-19,115.27622985839844,115.68431992677777,113.49811360078527,114.25599727436983,74113000
2020-11-20,114.01306915283203,115.40252482669361,113.96449124482857,115.27621337018954,73604300
2020-11-23,110.62203216552734,114.28514625847261,110.52486892820643,113.85761911856477,127959300
2020-11-24,111.90457153320312,112.56529172077765,109.39772075566353,110.6803017783766,113874200
2020-11-25,112.74020385742188,113.43979090606146,111.90458681744444,112.27381743371453,76499200
2020-11-27,113.28431701660156,114.15880077486167,112.92481238098438,113.26488733889717,46691300
2020-11-30,115.6745834350586,117.54014397849063,113.49808872130923,113.65355580646789,169410200
2020-12-01,119.24053955078125,119.9692749139944,116.60737666127397,117.57902381222483,127728200
2020-12-02,119.59031677246094,119.87209529729249,117.46240743053765,118.56036589233359,89004200
2020-12-03,119.45429229736328,120.27047227200518,118.74498667961886,120.0178419599632,78967600
2020-12-04,118.78385162353516,119.37655691588907,118.07454601670749,119.12392660773527,78260400
2020-12-07,120.24134826660156,121.03809872222877,118.78387737852155,118.84217384185906,86712000
2020-12-08,120.85348510742188,121.43647940149512,119.60005923609305,120.84377397211294,82225500
2020-12-09,118.3271713256836,122.37893756571138,117.56928784632052,120.99920059491815,115089200
2020-12-10,119.74578094482422,120.35792333365181,116.7433951040976,117.08347009062476,81312200
2020-12-11,118.9393310546875,119.27940607418536,117.13206676469383,118.95876073591047,86939800
2020-12-14,118.3271713256836,119.85265683014165,118.09397811966689,119.12392157489586,79184500
2020-12-15,124.25421142578125,124.27364851643785,120.61053530086464,120.8145802742906,157243700
2020-12-16,124.18621826171875,124.73033828648967,122.97165933994127,123.79756533721344,98208600
2020-12-17,125.05098724365234,125.90604149372504,124.40969655609783,125.24531371153455,94359800
2020-12-18,123.06884765625,125.4396693841838,122.54415723712954,125.3036393584578,192541500
2020-12-21,124.59431457519531,124.67204812925546,119.94984220975749,121.4753279960592,121251600
2020-12-22,128.1407928466797,130.59905822032985,125.97400967057341,127.87844404273568,168904800
2020-12-23,127.24688720703125,128.6751945398209,127.07198305177502,128.41286054616967,88223700
2020-12-24,128.2283172607422,129.67607732235018,127.38298870978274,127.59675233837353,54930100
2020-12-28,132.81443786621094,133.44600251933943,129.72459253226933,130.19099379190865,124486200
2020-12-29,131.04605102539062,134.8549062093824,130.53107920371312,134.13589678161503,121047300
2020-12-30,129.92864990234375,132.13429294527648,129.61771571736733,131.7359140805847,96452100
2020-12-31,128.92782592773438,130.91970498226274,127.98532727499882,130.27841448791915,99116600
2021-01-04,125.74085235595703,129.82176713240116,123.16598610776015,129.7343224533574,143301900
2021-01-05,127.29547119140625,128.0047841932833,124.78862009202955,125.2355842462787,97664900
2021-01-06,123.0105209350586,127.33435496235823,122.7967573877346,124.0987683518539,155088000
2021-01-07,127.20806121826172,127.89793731653697,124.23482288794177,124.72064653214206,109578200
2021-01-08,128.30604553222656,128.86960281828667,126.53764010084866,128.67526147221116,105158200
2021-01-11,125.32302856445312,126.47929089114106,124.85664214589357,125.5270809622862,100384500
2021-01-12,125.14815521240234,126.01292057820679,123.26315737935117,124.85665810373773,91951100
2021-01-13,127.17886352539062,127.72298342309901,124.84691687059603,125.10925086160563,88636800
2021-01-14,125.25503540039062,127.28577434890036,125.1092794348303,127.09144788764522,90221800
2021-01-15,123.53520965576172,126.52788445335536,123.39917965706009,125.12871028033413,111598500
2021-01-19,124.20563507080078,125.06068915645737,123.34086985277312,124.15704975663279,90757300
2021-01-20,128.28656005859375,128.73352422939956,124.90523244341398,125.0121142129877,104319500
2021-01-21,132.9893341064453,135.7099489572785,129.80233279797613,130.00638521290585,120150900
2021-01-22,135.12698364257812,135.88486727485233,131.19180950505606,132.41607964346215,114459400
2021-01-25,138.8677978515625,140.97627022018892,132.6686847833474,139.01355380816258,157611700
2021-01-26,139.10101318359375,140.20869037046396,137.3617564370404,139.52854031294,98390600
2021-01-27,138.03219604492188,140.20869106595407,136.42898412808006,139.36334793740457,140843800
2021-01-28,133.20310974121094,137.9641898687069,132.82416793009364,135.56422012291074,142621100
2021-01-29,128.2185821533203,132.86305498594893,126.51819940588042,131.97885239900157,177523800
2021-02-01,130.33676147460938,131.54160940158948,127.21776727973175,129.95781964029345,106239800
2021-02-02,131.16265869140625,132.44522526454477,130.79342801715512,131.88166811874655,83305400
2021-02-03,130.14242553710938,131.92054165395052,129.82178018887643,131.91081569341782,89880900
2021-02-04,133.49456787109375,133.50427900274144,130.77395356806818,132.43547630144383,84183100
2021-02-05,133.0810089111328,133.72325779067754,132.20522578325316,133.65514858435046,75693800
2021-02-08,133.22698974609375,133.27564766652046,131.29051736028654,132.37065786118401,71297200
2021-02-09,132.35118103027344,134.1708861386868,132.19549648512387,132.94477197557092,76774200
2021-02-10,131.74790954589844,133.30487431692404,130.78453592339073,132.80858418639744,73046600
2021-02-11,131.494873046875,132.72097244544923,130.17145780866096,132.24414858851415,64280000
2021-02-12,131.72845458984375,131.88415404983218,130.09365480491843,130.7359039411324,60145100
2021-02-16,129.6070556640625,132.35118706954955,129.2178071626484,131.84518629017936,80576300
2021-02-17,127.32025146484375,128.66313264506522,125.98711077615506,127.71922556162117,97918500
2021-02-18,126.2206802368164,126.50287241895496,123.98254952435698,125.72439023440656,96856700
2021-02-19,126.37638854980469,127.19380316380035,125.33518012530345,126.7364453512212,87668800
2021-02-22,122.61048889160156,126.2304187991235,122.22124775949521,124.56641277376495,103916400
2021-02-23,122.4742431640625,123.30137584564321,115.20519230196524,120.43073670834654,158273000
2021-02-24,121.97795867919922,122.18230857916163,118.94189453786483,121.57899194807914,111039900
2021-02-25,117.7352523803711,123.05810538980377,117.29736077604736,121.32599026278942,148199500
2021-02-26,117.99799346923828,121.49141551253575,117.93960247752109,119.29220956982277,164560400
2021-03-01,124.35233306884766,124.48856634693102,119.4868376397081,120.42101187120407,116307900
2021-03-02,121.75413513183594,125.25728963208243,121.64709366058169,124.95563135354156,102260900
2021-03-03,118.77644348144531,122.32825577553972,118.56236054617285,121.45246532404101,112966300
2021-03-04,116.89840698242188,120.27506247398532,115.42903250113422,118.47483039632651,178155000
2021-03-05,118.1536865234375,118.65970219404976,114.40725661331615,117.72552798386944,153766600
2021-03-08,113.22980499267578,117.74498394850409,113.08383865170997,117.67686731260757,154376600
2021-03-09,117.83257293701172,118.77648030379827,115.5944493383936,115.82799105647607,129525800
2021-03-10,116.75243377685547,118.88351576641335,116.23668501538924,118.41643235397203,111943300
2021-03-11,118.67913055419922,119.89550407261814,117.99796435354652,119.24352964854275,103026500
2021-03-12,117.77417755126953,117.91041082516712,115.9544870681418,117.16112781873039,88105100
2021-03-15,120.65452575683594,120.66425882421423,117.18056311829856,118.143936336561,92403800
2021-03-16,122.19204711914062,123.79766203262986,121.36491441345117,122.31854732264155,115227900
2021-03-17,121.40382385253906,122.47423118424491,119.04891881379946,120.71292450730932,111932600
2021-03-18,117.28763580322266,119.86634995731801,117.08328587882134,119.57441725151209,121229700
2021-03-19,116.76213073730469,118.16339547869096,116.46047246487215,116.67455540304563,185549500
2021-03-22,120.07068634033203,120.53777713211232,117.02488910943605,117.09300574322106,111912300
2021-03-23,119.24356079101562,120.89782623844285,118.8543196786337,120.0123099463268,95467100
2021-03-24,116.85946655273438,119.5938800533793,116.8400078374971,119.51603034411634,88530500
2021-03-25,117.34600830078125,118.38723138862223,115.79878440882977,116.32425877519718,98844700
2021-03-26,117.9493408203125,118.21208173439534,115.72094299418823,117.11247500179746,94071200
2021-03-29,118.12447357177734,119.28246362571115,117.48223216543501,118.37748136174508,80819200
2021-03-30,116.67457580566406,117.16112532326552,115.66255191815422,116.8789257121579,85671900
2021-03-31,118.8640365600586,120.19717735139929,117.89093762370798,118.37748709188328,118323800
2021-04-01,119.69119262695312,120.83944989383653,119.19490999339443,120.33344161440051,75089100
2021-04-05,122.51315307617188,122.76616086910339,119.75928140554619,120.53776349572522,88651200
2021-04-06,122.81481170654297,123.71006091586875,122.26987869637169,123.09701127942607,80171300
2021-04-07,124.4593734741211,124.47883218903853,121.77361794195266,122.44505868103397,83466700
2021-04-08,126.85320281982422,126.88239460577601,125.06270398931379,125.48112948683244,88844600
2021-04-09,129.42218017578125,129.46109760648577,125.9871415439433,126.30826602843275,106686700
2021-04-12,127.70951843261719,129.27620842056396,127.11592744716376,128.95508396794366,91420000
2021-04-13,130.81369018554688,131.0375136441806,128.38094270892825,128.87723269707828,91266500
2021-04-14,128.478271484375,131.36837696548068,128.1182295730411,131.3099933958929,87222800
2021-04-15,130.88180541992188,131.36835488244947,130.04493975044198,130.22010527807376,89347100
2021-04-16,130.55093383789062,131.04720886250462,129.69460217348174,130.6871670710185,84922400
2021-04-19,131.21266174316406,131.82571884662076,129.75301328602865,129.91843832937323,94264200
2021-04-20,129.52920532226562,131.88410306298763,128.26417368348118,131.38782793049364,94812300
2021-04-21,129.90870666503906,130.15198139662152,127.76789199677557,128.79937448295544,68847100
2021-04-22,128.39068603515625,130.54122653689166,127.8749447465964,129.46108603950333,84566500
2021-04-23,130.70668029785156,131.48514771146148,128.60478264515086,128.60478264515086,78657500
2021-04-26,131.0958709716797,131.42672099869188,129.96707280484003,131.20291243316117,66905100
2021-04-27,130.77476501464844,131.7673300838562,130.5022985012677,131.3780816016613,66015800
2021-04-28,129.98655700683594,131.38782184344353,129.50000754125335,130.69691506905932,107760100
2021-04-29,129.8892822265625,133.38271977828063,128.88699119854815,132.79885429572334,151101000
2021-04-30,127.92361450195312,129.96711370748065,127.54410644604702,128.23499849351802,109839500
2021-05-03,128.9745330810547,130.46338819019584,128.28364111599663,128.48798358801744,75135100
2021-05-04,124.41071319580078,127.95280060042849,123.29164779323206,127.66086791309522,137564700
2021-05-05,124.65397644042969,126.94074997232987,124.52746883053813,125.7243763335603,84000900
2021-05-06,126.24987030029297,126.25959594495404,123.71007387822482,124.44963120105919,78128300
2021-05-07,126.92244720458984,127.94592476658238,126.21086763240989,127.54628780481441,78973300
2021-05-10,123.64728546142578,126.26936319427197,123.60829449035425,126.14265555263232,88071200
2021-05-11,122.73101806640625,123.08192191649415,119.67029018955704,120.38186236478138,126142800
2021-05-12,119.67030334472656,121.49309231644543,119.16343556175418,120.284401882613,112172300
2021-05-13,121.81474304199219,122.96495055227784,121.12267010296466,121.43459040557941,105861300
2021-05-14,124.23212432861328,124.66101753625983,122.67252280548946,123.06242504546209,81918000
2021-05-17,123.0819320678711,123.72527195908786,122.00970635261075,123.61804864388507,74244600
2021-05-18,121.69778442382812,123.78375308679564,121.62955208202142,123.3646094337638,63342900
2021-05-19,121.54180908203125,121.76599784022277,119.75801143334377,120.05043995950335,92612000
2021-05-20,124.09566497802734,124.49531683623646,121.94146411990351,122.06818662946591,76857100
2021-05-21,122.26314544677734,124.76825782596866,122.04869881375613,124.59280216593018,79295400
2021-05-24,123.89095306396484,124.70974844818083,122.76024483604364,122.8284771649978,63092900
2021-05-25,123.69602966308594,125.08018314804377,123.13067172111496,124.59279971373591,72009500
2021-05-26,123.64728546142578,124.17365241574042,123.228141818366,123.75450877268065,56575900
2021-05-27,122.1169204711914,124.41733561849655,121.92197306010468,123.24763627844212,94625600
2021-05-28,121.46382904052734,122.6237861257757,121.40534630909178,122.3995899273286,71311100
2021-06-01,121.14217376708984,122.18515807859856,120.81076166659518,121.92197831860382,67637100
2021-06-02,121.90245819091797,122.07791381305455,120.91796422365286,121.14215297391479,59278900
2021-06-03,120.42086029052734,121.69778300232346,120.02120840977952,121.5320769508381,76229200
2021-06-04,122.71151733398438,122.97470451422886,120.72302254551224,120.93746915555829,75169300
2021-06-07,122.72126007080078,123.13065406520676,121.67827588309044,122.98443979955707,71057600
2021-06-08,123.54006958007812,125.21665168991701,123.02345219665295,123.40360489150423,74403800
2021-06-09,123.92021179199219,124.52456067367201,123.32561251203367,123.99819373222839,56877900
2021-06-10,122.92594909667969,124.95343460907164,122.7602430768465,123.81296936037242,71186400
2021-06-11,124.13465118408203,124.22238272093318,122.91621132668672,123.33535493510138,53522400
2021-06-14,127.18560028076172,127.24408300420586,123.8617007821636,124.59276457227712,96906500
2021-06-15,126.36683654785156,127.30260492232891,126.12314857125716,126.65926509447159,62746300
2021-06-16,126.86396026611328,127.58528206314801,125.21664196538165,127.07840688486591,91815000
2021-06-17,128.46255493164062,129.20337594415264,126.37658632134162,126.52280804022224,96721700
2021-06-18,127.1661605834961,128.18963835001367,126.95171393992158,127.40984859905477,108953300
2021-06-21,128.9596710205078,129.066894317528,125.94769141357571,127.01016734634604,79663300
2021-06-22,130.59722900390625,130.69471012361893,128.29681438987527,128.79394727746697,74783600
2021-06-23,130.32431030273438,130.9286665216875,129.8661757752273,130.39255006678223,60214200
2021-06-24,130.04165649414062,131.240597184488,129.5737648661965,131.05539194095186,68711000
2021-06-25,129.74920654296875,130.50951172104854,129.45677804212312,130.09037560621056,70783700
2021-06-28,131.37705993652344,131.83519451956099,129.98317185834844,130.04165459260284,62111300
2021-06-29,132.88790893554688,133.043872786454,130.95790461954863,131.39653993588485,64556100
2021-06-30,133.50201416015625,133.94064949902392,132.43952338561445,132.73195190270366,63261400
2021-07-01,133.80418395996094,133.86266668828733,132.33229922059724,133.15110203776288,52485800
2021-07-02,136.42628479003906,136.46526832234767,134.27207651002422,134.41828334809892,78852600
2021-07-06,138.4342498779297,139.53570925876045,136.53348691022637,136.53348691022637,108181800
2021-07-07,140.9198760986328,141.231788943126,139.05809657469072,139.91586805219615,104911600
2021-07-08,139.62344360351562,140.42273229042033,137.1183245101573,138.00535215692446,105575500
2021-07-09,141.44625854492188,141.97261806281588,139.04836216143113,139.1458433075578,99890800
2021-07-12,140.8516845703125,142.6257406086967,140.36430849913495,142.51851727809614,76299700
2021-07-13,141.96286010742188,143.7369156295679,140.00361422588887,140.39350901995923,100827100
2021-07-14,145.3842315673828,145.79364043052715,143.95134516697595,144.3607540301203,127050800
2021-07-15,144.7311553955078,146.21278242197315,143.37625087333885,145.47197634550716,106820300
2021-07-16,142.6938934326172,145.97880173322068,142.19677544564345,144.71163648718607,93251400
2021-07-19,138.85342407226562,140.43253247911716,138.09311867670348,140.12060468938105,121434600
2021-07-20,142.45999145507812,143.38601770583355,139.35054523026795,139.83792120496685,96350000
2021-07-21,141.72891235351562,142.44049190950972,140.97836414159778,141.85563485293181,74993500
2021-07-22,143.09359741210938,144.4582442706814,142.12858757198936,142.2553100922622,77338200
2021-07-23,144.8091583251953,144.96512221870486,143.21056560056124,143.8246641352954,71447400
2021-07-26,145.22830200195312,146.04709009069717,143.97086362595675,144.52647939059113,72434100
2021-07-27,143.06431579589844,145.44271240050767,141.8751174935938,145.35497344078965,104818600
2021-07-28,141.3195343017578,143.25929604709813,138.94113715127986,141.15382825419624,118931200
2021-07-29,141.96286010742188,142.8498878684949,140.92962551695572,141.03684881635502,56699500
2021-07-30,142.17727661132812,142.63541107782987,140.47146121966023,140.73464833039165,70440600
2021-08-02,141.8459014892578,143.2397895751834,141.582714310116,142.6646895204393,62880000
2021-08-03,143.63943481445312,144.30225894055675,141.51446802349406,142.12856645538005,64786600
2021-08-04,143.2398223876953,144.05861060643986,142.58674024606307,143.55175020828588,56368300
2021-08-05,143.34701538085938,144.107320690727,142.47948676454712,143.26903344221475,46397700
2021-08-06,142.66368103027344,143.61060825982952,142.16581806356817,142.86869219057516,54126800
2021-08-09,142.61483764648438,143.210327688173,142.0584044347056,142.72222158501236,48908700
2021-08-10,142.1365203857422,144.19632898598317,141.84365370926938,142.95653516321173,69023100
2021-08-11,142.3903045654297,143.22984760890972,142.06815276895088,142.57578725696132,48493500
2021-08-12,145.34828186035156,145.50447943892834,142.3708306879483,142.71251102910742,72282600
2021-08-13,145.5532989501953,145.88520764627282,144.74304073624972,145.42638655047446,59375000
2021-08-16,147.52520751953125,147.59354953492934,142.98582599022765,145.00657783567002,103296000
2021-08-17,146.61732482910156,148.07187159409528,145.5434853619502,146.65636676617194,92229700
2021-08-18,142.87843322753906,147.134719463398,142.67342208980006,146.23660593235846,86326000
2021-08-19,143.21035766601562,144.4794367790495,141.06269334170713,141.5800847276963,86960300
2021-08-20,144.6649169921875,144.96754045087513,143.28845394220284,143.93275769698107,60549600
2021-08-23,146.1487579345703,146.61733569322215,144.37204430196212,144.7820517027598,60131800
2021-08-24,146.06088256835938,147.27139120779157,145.60206158624175,145.89492826143862,48606400
2021-08-25,144.8308868408203,146.7442698916124,144.28421022511418,146.24639198416384,58991300
2021-08-26,144.03036499023438,145.57278230599707,144.00107981111,144.82110951404735,48597200
2021-08-27,145.06515502929688,145.21158091727293,143.33725507209095,143.97178711441077,55802400
2021-08-30,149.4776153564453,149.83882401907485,145.07490345956626,145.45562564226032,90956700
2021-08-31,148.21832275390625,149.16524992421503,147.6911597437249,149.0285807911714,86453100
2021-09-01,148.88209533691406,151.29334030752833,148.71614107484842,149.19449034490623,80313700
2021-09-02,149.99501037597656,151.03956466217258,148.77474502994417,150.20977826854366,71115500
2021-09-03,150.62957763671875,150.95172951907767,149.44835406806936,150.10241459437898,57808700
2021-09-07,152.9626922607422,153.5191254698615,150.71740121777114,151.2836060822293,82278300
2021-09-08,151.4202880859375,153.30437064554417,150.31716343749,153.24580029178898,74420200
2021-09-09,150.405029296875,152.39649574316758,150.2878736971047,151.7912489116524,57305700
2021-09-10,145.42637634277344,151.78151431271888,145.1627947987088,151.31293648668662,140893200
2021-09-13,145.99258422851562,147.81809686029018,145.21161123932484,147.04689552955006,102404300
2021-09-14,144.5966033935547,147.47644243735672,143.41539450679298,146.7735681841506,109296300
2021-09-15,145.48492431640625,145.8851749521173,142.88819590848047,145.02610332343372,83281300
2021-09-16,145.2506103515625,145.4263362978241,143.71796490468603,144.90894501042473,68034100
2021-09-17,142.58555603027344,145.27991132028194,142.29268938190515,145.27991132028194,129868800
2021-09-20,139.539794921875,141.3945924183066,137.90952209387459,140.37933813407227,123478900
2021-09-21,140.01817321777344,141.1603551264203,139.38364095370108,140.50627954269768,75834000
2021-09-22,142.3805694580078,142.94675948187773,140.28170408222925,141.01386330488788,76404300
2021-09-23,143.33724975585938,143.5813028239796,142.17555476827644,143.1615238009879,64838200
2021-09-24,143.4251251220703,143.96204492535793,142.09747565204063,142.19510285111807,53477900
2021-09-27,141.9119873046875,142.48796392317834,140.39887004950094,142.00961449990794,74150700
2021-09-28,138.53427124023438,141.30671020043195,138.3195033733077,139.84239196001295,108972300
2021-09-29,139.43243408203125,141.0138935757981,138.65146109771675,139.08099698388077,74602000
2021-09-30,138.13404846191406,140.9455448156453,137.9192805517919,140.2426707272125,89056700
2021-10-01,139.2566680908203,139.5202495626883,135.80088336468526,138.52450892126643,94639600
2021-10-04,135.83018493652344,138.82716398233575,134.98088496397907,138.38785651091933,98322000
2021-10-05,137.75331115722656,138.8564357660988,136.04493972017434,136.17185207930245,80861100
2021-10-06,138.6221160888672,138.7685419433114,135.0784614531743,136.15230070514616,83221100
2021-10-07,139.8814697265625,140.78935501402486,139.32503639848235,139.6569450430087,61732700
2021-10-08,139.50071716308594,140.7502675851044,139.16880859069704,140.60384171370225,58773200
2021-10-11,139.41290283203125,141.3653278052875,138.43669034540312,138.88575464341304,64452200
2021-10-12,138.143798828125,139.84241361250955,137.68497785008697,139.82288519545196,73035900
2021-10-13,137.55809020996094,138.03642474342516,135.88876048394778,137.88024208325538,78762700
2021-10-14,140.3402862548828,140.45744186952987,138.1438084019397,138.72954178771872,69907100
2021-10-15,141.3946075439453,141.45317790755652,140.09624319922384,140.35006796929892,67940300
2021-10-18,143.0638885498047,143.3469835092285,139.75453007307178,140.03762503249558,85589200
2021-10-19,145.2213592529297,145.62160993395176,143.06393807186709,143.51298745891924,76378900
2021-10-20,145.7094268798828,146.1877762179813,144.5965455732881,145.1627504339508,58418800
2021-10-21,145.92417907714844,146.0803765865811,144.3524770160413,145.27011876419027,61421000
2021-10-22,145.1529998779297,146.60754657748723,145.10418628692474,146.129212114762,58883400
2021-10-25,145.10418701171875,145.8168177773373,144.10844635434742,145.14322894722775,50720600
2021-10-26,145.76806640625,147.25189877039264,145.46542800058126,145.77782316934065,60893400
2021-10-27,145.30921936035156,146.16827612937263,144.9577823061733,145.80708231384622,56094900
2021-10-28,148.9407196044922,149.52643805425132,146.1585085567286,146.256135746264,100077900
2021-10-29,146.2366180419922,146.373287179863,142.92725865743117,143.7179883048137,124953200
2021-11-01,145.41661071777344,146.13899838558393,144.2842007193759,145.44589589912687,74588300
2021-11-02,146.45140075683594,147.96453308347574,145.113979527006,145.12375118515345,69122000
2021-11-03,147.88645935058594,148.35503725061355,146.2561860165578,146.8126194798738,54511500
2021-11-04,147.36904907226562,148.8040677773685,147.056653914814,147.97429607005193,60394600
2021-11-05,147.89697265625,148.79639720102944,146.70425393179946,148.49333201847526,65463900
2021-11-08,147.07571411132812,148.18044870579655,146.80197694204415,148.02402320404659,55020900
2021-11-09,147.43743896484375,148.0435691533501,146.70421118808,146.84107977637362,56787900
2021-11-10,144.612060546875,146.7726448402154,144.54363371528353,146.66510417552323,65187100
2021-11-11,144.5631866455078,146.0882980655143,144.37743321812488,145.62882237351127,41000000
2021-11-12,146.63580322265625,147.03662312152338,144.18192440007093,145.11067671997742,63804000
2021-11-15,146.6455535888672,148.48351596746593,146.08829332480207,147.00727451410145,59222800
2021-11-16,147.62326049804688,148.1023082368736,146.0003786898397,146.5869671489106,59256200
2021-11-17,150.05752563476562,151.53375230300938,147.61343285568483,147.6232038564801,88807000
2021-11-18,154.33958435058594,155.12169711619316,149.62738067059388,150.27262482103686,137827700
2021-11-19,156.95962524414062,157.41911583313842,153.02952027938457,154.12446895909494,117305600
2021-11-22,157.4191436767578,161.99447854129045,157.3995867561447,158.06437288139423,117467900
2021-11-23,157.80039978027344,158.18167763297342,155.5029467463392,157.51687668201387,96041900
2021-11-24,158.3185272216797,158.51405162465102,156.06995929361992,157.15513688529995,69463600
2021-11-26,153.30331420898438,156.86191365315102,152.86338037425756,156.00160290809217,76959800
2021-11-29,156.6566162109375,157.58536872105077,155.23903010240633,155.80606156230635,88748200
2021-11-30,161.6033935546875,161.81847488073362,156.3437019010155,156.41214364910118,174048100
2021-12-01,161.08526611328125,166.49159798116264,160.85062784337472,163.7346542506034,152052500
2021-12-02,160.09783935546875,160.52800204808736,154.27113083970096,155.19011206164845,136739200
2021-12-03,158.2207794189453,161.27101721338744,156.14819360952984,160.35203598315746,118023100
2021-12-06,161.6229705810547,164.12571914002814,160.6062196554979,160.61599065605895,107497000
2021-12-07,167.3519287109375,167.74299254141582,164.57544264356054,165.2988995417756,120405400
2021-12-08,171.1647186279297,172.02504411674911,166.882663021836,168.28069194116756,116998900
2021-12-09,170.65631103515625,172.7973384356804,170.03062395661757,170.9984899495763,108923700
2021-12-10,175.4369659423828,175.61294836881706,170.78341894665584,171.29179439045112,115402700
2021-12-13,171.80995178222656,178.05705234389498,171.60464142456377,177.06962931153166,153237000
2021-12-14,170.4314727783203,173.76521877848376,168.35888695654498,171.33089709564845,139380400
2021-12-15,175.2903289794922,175.48585340924998,168.4566405154073,171.19402728468987,131063300
2021-12-16,168.4077606201172,177.08918279763162,166.93153397693786,175.27077720416733,150185800
2021-12-17,167.31280517578125,169.59070130648584,165.89523442801953,166.12985777423478,195432700
2021-12-20,165.9539031982422,166.76534380811088,163.71512072913166,164.51677542044033,107499100
2021-12-21,169.12144470214844,169.3267401361631,165.3379790393109,167.72341591348743,91185900
2021-12-22,171.71217346191406,171.9272548095711,168.300214735498,169.17031112645324,92135300
2021-12-23,172.3378448486328,172.89510508509778,171.35043687369296,171.91746810959268,68356600
2021-12-27,176.29733276367188,176.38531653879255,173.11024059629176,173.12978260127787,74919600
2021-12-28,175.280517578125,177.27490525734726,174.5375188860444,176.13107184612667,79144300
2021-12-29,175.36854553222656,176.59059189162147,174.15627017338588,175.31966069433915,62348900
2021-12-30,174.21493530273438,176.53194546765312,174.10739462067014,175.45653864701075,59773000
2021-12-31,173.5989990234375,175.22186501048878,173.29591904054473,174.10735949284833,64062300
2022-01-03,177.93972778320312,178.79028222604728,173.73590007898758,173.85321176039008,104487900
2022-01-04,175.68141174316406,178.84896181974315,175.11438034514651,178.5458966574974,99310400
2022-01-05,171.00830078125,176.1408961877194,170.73456355297643,175.59342173117227,94537600
2022-01-06,168.15354919433594,171.37975399378487,167.80159930862231,168.83789205056922,96904000
2022-01-07,168.3197784423828,170.24572473108867,167.2052727402814,169.02367835082143,86709100
2022-01-10,168.33932495117188,168.64239004792708,164.40921985835627,165.2988731483881,106765600
2022-01-11,171.1647186279297,171.26247339503044,166.99998962694013,168.46644539148625,76138300
2022-01-12,171.60464477539062,173.21774007794218,170.91053076473975,172.18144710369126,74805200
2022-01-13,168.33932495117188,172.6702498945838,167.94826118313497,171.8490383580425,84505800
2022-01-14,169.1996612548828,169.89377524696252,167.26392904254132,167.50833831927105,80440800
2022-01-18,166.00277709960938,168.6814931182034,165.6214992398613,167.67452813175186,90956700
2022-01-19,162.5126190185547,167.25416515581253,162.22911080921511,166.19831524532339,94815000
2022-01-20,160.8310546875,165.8854360990158,160.50843269303434,163.24581922868165,91420500
2022-01-21,158.77806091308594,162.61039693927614,158.6705202245997,160.74310631081485,122848900
2022-01-24,158.00572204589844,158.67052310978175,151.24047430258736,156.44151145113545,162294600
2022-01-25,156.20684814453125,159.1202024043847,153.5085752311325,155.4247355135648,115798400
2022-01-26,156.11886596679688,160.7137572085088,154.29068942101793,159.84366081362626,108275300
2022-01-27,155.65940856933594,160.17608801928634,154.74042714136695,158.81717279980649,121954600
2022-01-28,166.52090454101562,166.5404614570555,159.15929945417386,162.00422657695262,179935700
2022-01-31,170.8714141845703,171.0864955438015,165.71926239899202,166.35473547583268,115541600
2022-02-01,170.70521545410156,170.93006781127377,168.45664712970438,170.1186272242385,86213900
2022-02-02,171.90771484375,171.94682868403083,169.45385093947993,170.84209391826516,84914300
2022-02-03,169.033447265625,172.29876649074853,168.27089152715305,170.57811566132818,89418100
2022-02-04,168.74957275390625,170.42346859121156,167.0756769166009,168.05455952783922,82465400
2022-02-07,168.03501892089844,170.27665387927516,167.3400055860888,169.20967525085985,77251200
2022-02-08,171.1380615234375,171.64708470161528,167.8098514342005,168.10351922686326,74829200
2022-02-09,172.5574188232422,172.9196005956565,171.20655609241282,172.33228001362485,71285000
2022-02-10,168.48529052734375,171.7743370940817,167.92733513885554,170.462637822063,90865900
2022-02-11,165.07876586914062,169.42500712943504,164.49143031742815,168.6908451580762,98670700
2022-02-14,165.313720703125,165.9989356288058,163.04270559336564,163.83559821712237,86185500
2022-02-15,169.14108276367188,169.2977075319275,166.65472804799379,167.3595245685841,62527400
2022-02-16,168.90621948242188,169.67953027359678,166.45901263665095,168.22100455291906,61177400
2022-02-17,165.313720703125,168.2797341887302,164.91237519788157,167.41831260412283,69589300
2022-02-18,163.76705932617188,166.93862933962222,162.68049906023276,166.23384762062662,82772700
2022-02-22,160.85000610351562,163.16995323151656,158.72581758393332,161.49605730830203,91162800
2022-02-23,156.6897430419922,162.64133603328534,156.37649344425944,162.04421705709984,90009200
2022-02-24,159.30337524414062,159.4110529381091,148.7901697172211,149.3579234730035,141147500
2022-02-25,161.36878967285156,161.6330771993794,157.472826482258,160.38010876655954,91974200
2022-02-28,161.63311767578125,161.92678549313706,158.99992064321486,159.61662156600548,95056600
2022-03-01,159.75363159179688,163.08184127413253,158.54961021930214,161.22195543903135,83474400
2022-03-02,163.0426788330078,163.82578787806702,159.50891214996344,160.91850544375748,79724800
2022-03-03,162.7196502685547,165.3430634011942,162.05401727070716,164.91235266773373,76678400
2022-03-04,159.72427368164062,162.05401907314567,158.67687705595137,161.01640589639365,83737200
2022-03-07,155.93601989746094,161.5352302369313,155.68150083148916,159.91028134097652,96418800
2022-03-08,154.11529541015625,159.44041971330986,152.50992837199067,155.4661583222758,131148300
2022-03-09,159.50888061523438,159.95917308150396,156.04364356686645,158.0699223236803,91454900
2022-03-10,155.17247009277344,157.00297572975708,152.68609998585092,156.81698565051138,105342000
2022-03-11,151.46250915527344,155.91642822664025,151.23737032666907,155.57381332247203,96970100
2022-03-14,147.43927001953125,150.86535859871933,146.93026189923282,148.25174424641173,108732100
2022-03-15,151.81492614746094,152.28480063427574,147.204396636905,147.71340492610565,92964300
2022-03-16,156.21986389160156,156.62120932527256,151.19820652447248,153.73350876565036,102300200
2022-03-17,157.22813415527344,157.60011436017203,154.30128444798586,155.26058530967927,75615400
2022-03-18,160.5171661376953,161.0066074424884,156.3862803303168,157.1204422875064,123511700
2022-03-21,161.88763427734375,162.8371517415441,159.5676719986422,160.0571133745572,95811400
2022-03-22,165.25497436523438,165.84229498697943,161.42753966012307,162.01486028186812,81532000
2022-03-23,166.61563110351562,168.99430889731204,164.1096788423283,164.44251031244588,98062700
2022-03-24,170.39407348632812,170.46258749011093,166.61558667077662,167.44762778277175,90131400
2022-03-25,171.03038024902344,171.57855215101324,169.1019802060181,170.20812239603873,80546200
2022-03-28,171.89181518554688,172.01905978493204,168.3678313455488,168.53423961902578,90371900
2022-03-29,175.18084716796875,175.22977935165113,172.6161644453855,172.95877935054617,100589400
2022-03-30,174.01597595214844,175.81711647524634,172.96856432856262,174.77950323773482,92633200
2022-03-31,170.92269897460938,174.27047582290578,170.7171270473916,174.08448573079536,103049300
2022-04-01,170.62904357910156,171.18701389593227,168.30909632537671,170.35495761395958,78751300
2022-04-04,174.67184448242188,174.720791608407,170.75631338866327,170.88357292891146,76468400
2022-04-05,171.3631591796875,174.5347436924903,170.7366750096159,173.75163474576064,73401800
2022-04-06,168.20138549804688,169.96337702443967,166.53728819844997,168.72019203962893,89058800
2022-04-07,168.50486755371094,169.69910564386342,166.26323274049562,167.54556668896316,77594700
2022-04-08,166.4981231689453,168.15243700693318,165.6269183292227,168.15243700693318,76575500
2022-04-11,162.24977111816406,165.46050445879015,162.00505049807634,165.14726983208973,72246700
2022-04-12,164.1194610595703,166.28278325109693,163.1209966207163,164.47185939466212,79265200
2022-04-13,166.80160522460938,167.42808955183875,163.24827119923606,163.85517369033073,70618900
2022-04-14,161.79949951171875,167.65322825491936,161.55477886000992,167.01694559853848,75329400
2022-04-18,161.58416748046875,163.08185675186522,160.11584349387897,160.45844346214486,69023900
2022-04-19,163.86495971679688,164.27610359926777,160.44866861751814,161.53522902332887,67723800
2022-04-20,163.6985321044922,165.31369734743882,162.59240492951264,165.19622127922986,67929800
2022-04-21,162.9056396484375,167.90773030576432,162.40641490220864,165.34306268686478,87227800
2022-04-22,158.37342834472656,164.3250370614869,158.08955892864606,162.94482378114378,84882400
2022-04-25,159.4404296875,159.72429911751857,155.11376965466397,157.71758646013552,96046400
2022-04-26,153.48878479003906,158.91178747297153,153.41047239469103,158.8236916294158,95623200
2022-04-27,153.263671875,156.41566043489684,152.09879906936447,152.61760570667977,88063200
2022-04-28,160.18435668945312,161.04577820352466,155.57381282317428,155.88706244158715,130216800
2022-04-29,154.3208465576172,162.69029635210208,153.92929946524063,158.42236732431553,131747600
2022-05-02,154.62429809570312,154.88858563658798,150.0333364297974,153.40069487713816,123055300
2022-05-03,156.11221313476562,157.31624964341847,153.01895506893698,154.81029731534235,88966500
2022-05-04,162.51406860351562,162.96434616624182,155.89681367917365,156.29815906862675,108256500
2022-05-05,153.45945739746094,160.6150881198339,151.67788357069364,160.38994926297363,130525300
2022-05-06,154.18490600585938,156.30240323500155,151.14590452189532,152.93989398337578,116124600
2022-05-09,149.06761169433594,152.76342612282588,148.5088364921623,151.88112823098254,131577900
2022-05-10,151.4693603515625,153.65548649022554,149.92045170349726,152.4594939260044,115366700
2022-05-11,143.61703491210938,152.39090538432077,142.94061098912724,150.47928231405317,142689800
2022-05-12,139.75453186035156,143.3228989996902,136.06853101088905,139.96040581157675,182602000
2022-05-13,144.21499633789062,145.18551933414366,140.29371306035543,141.74458368466105,113990900
2022-05-16,142.6759033203125,144.616949555646,141.34266624082053,142.68571610317943,86643800
2022-05-17,146.30308532714844,146.82265416778552,143.79345144967377,145.93055862687706,78336300
2022-05-18,138.04879760742188,144.46008977155722,137.14688920750964,143.9601314929513,109742900
2022-05-19,134.64706420898438,138.87224434894858,133.91182362893935,137.127274568989,136095600
2022-05-20,134.88235473632812,137.93115346240322,130.00036063657,136.3528361484188,137426100
2022-05-23,140.29373168945312,140.44077384848245,134.94117272312687,135.07841705772444,117726300
2022-05-24,137.5978546142578,139.17617200488684,134.62748321427134,138.03899606760518,104132700
2022-05-25,137.75466918945312,138.99966571047085,135.61756228135172,135.70578755446192,92482700
2022-05-26,140.95054626464844,141.49952360823445,134.44121569632296,134.68629593603174,90601500
2022-05-27,146.69520568847656,146.73441193920726,142.4013957458045,142.5288422380691,90978500
2022-05-31,145.9109344482422,147.69512536408004,143.95029298038025,146.13641898717157,103718400
2022-06-01,145.78353881835938,148.75391017683245,144.773794451972,146.95010821381516,74286600
2022-06-02,148.2343292236328,148.2931460840145,143.96992734384497,144.9208398093746,72348100
2022-06-03,142.51905822753906,145.05808578629097,141.6171647882395,144.0091352358549,88570300
2022-06-06,143.26409912109375,145.64628674294468,142.04849579123675,144.13658414441952,71598400
2022-06-07,145.78353881835938,146.06782531945106,141.26425852389363,141.50933876771822,67808200
2022-06-08,145.04827880859375,146.9206802540853,144.55811838609154,145.6560729457736,53950200
2022-06-09,139.83294677734375,145.03844740252498,139.72511089989996,144.18557316361037,69473000
2022-06-10,134.43141174316406,137.9899664897166,134.36278209908923,137.51941663931075,91437900
2022-06-13,129.2847442626953,132.53940235521404,128.85340060932865,130.2552525242583,122207100
2022-06-14,130.14739990234375,131.25516732822615,128.89259032192393,130.5101288143863,84784300
2022-06-15,132.7648162841797,134.63723228518424,129.55917858108418,131.6472513597461,91533000
2022-06-16,127.50053405761719,129.7846835531672,126.50060254968962,129.4807864670593,108123900
2022-06-17,128.97097778320312,130.46106930716064,127.25541670605972,127.51030963953596,134520300
2022-06-21,133.1962127685547,134.36279718069025,130.69640612370614,130.79442925101708,81000500
2022-06-22,132.6864471435547,135.04900927487205,131.2747825760473,132.13745484401576,73409200
2022-06-23,135.54901123046875,135.86270622381755,132.9609639616573,134.12754853756152,72433800
2022-06-24,138.8722381591797,139.1173183416044,137.01943257838917,137.1468641014651,89116800
2022-06-27,138.8722381591797,140.66622688954945,138.19581446232633,139.8917651363233,70207900
2022-06-28,134.73529052734375,140.59760460905184,134.61765682035212,139.33299738336785,67083400
2022-06-29,136.49008178710938,137.90174634957765,133.98046254650382,134.75492447437682,66242400
2022-06-30,134.0294647216797,135.64698810352084,131.1375212724895,134.5490335635321,98964500
2022-07-01,136.19598388671875,136.3038197907336,132.9903451154339,133.36285690870372,71051600
2022-07-05,138.7742462158203,138.82326526029516,134.23535494237336,135.05883599741875,73353800
2022-07-06,140.10743713378906,141.28381901974345,138.30365057809186,138.56834136394644,74064300
2022-07-07,143.469970703125,143.66603189279604,140.4603783389641,140.47017616296918,66253700
2022-07-08,144.1464080810547,144.646381415915,142.14655961715215,142.4014377182976,64547800
2022-07-11,142.01910400390625,143.75427642973983,140.95055766241197,142.80336382609462,63141600
2022-07-12,142.98960876464844,145.52863633565593,142.19555121961218,142.89157069008422,77588800
2022-07-13,142.62689208984375,143.56799177024092,139.3232005090592,140.17608985764943,71185600
2022-07-14,145.54824829101562,146.01879814456234,140.4309718883509,141.244640047542,78140700
2022-07-15,147.21475219726562,147.8911758482325,145.2835192940871,146.83242773695906,76259900
2022-07-18,144.17581176757812,148.58725611818477,143.8130828380742,147.77358792071823,81420900
2022-07-19,148.02847290039062,148.25394254490203,144.01896354895925,145.0090823866063,82982400
2022-07-20,150.02830505371094,150.6949310490213,147.41085002655058,148.14609070693865,64823400
2022-07-21,152.29286193847656,152.50853373902038,148.94996398855773,151.45958316742,65086600
2022-07-22,151.05763244628906,153.2045374479934,150.3910214648786,152.3320525114364,66675400
2022-07-25,149.9400634765625,151.9889303599999,149.28325033510924,150.97920113195147,53623900
2022-07-26,148.61663818359375,150.0773065915356,147.83237855759032,149.2636385384265,55138700
2022-07-27,153.70449829101562,154.23387992265205,149.16562296270044,149.57735592146827,78620700
2022-07-28,154.25350952148438,154.53779601902812,151.37136349671525,153.89078059336344,81378700
2022-07-29,159.31195068359375,160.40992030893383,156.36119003723385,158.06695385906744,101786900
2022-08-01,158.33160400390625,160.37067302404677,157.72380990621818,157.84144361325252,67829400
2022-08-02,156.86111450195312,159.21389322725332,156.4886027966237,156.94935473605096,59907000
2022-08-03,162.86068725585938,163.31162641377182,157.5865569548774,157.67478223031586,82507500
2022-08-04,162.54696655273438,163.89981385284887,161.19411925261988,162.74302769340886,55474100
2022-08-05,162.32122802734375,162.81206933981917,160.01426786699392,160.22042780912037,56697000
2022-08-08,161.85000610351562,164.73615535552312,161.1922805564501,163.32253000929188,60276900
2022-08-09,161.89910888671875,162.78263230320212,160.25970057725633,161.0156004495246,63135500
2022-08-10,166.13999938964844,166.23815868025727,163.84285029590276,164.60856166738782,70170500
2022-08-11,165.40371704101562,167.85792369494868,165.10920924668594,166.94495103045548,57149200
2022-08-12,168.94760131835938,169.01631131920942,166.2970460032489,166.70936592550703,68039400
2022-08-15,170.01760864257812,170.21394216296972,168.21131628811554,168.3782005294128,54091700
2022-08-16,169.8605499267578,170.52810192661653,168.51564947224608,169.61512926108554,56377100
2022-08-17,171.35269165039062,172.92337473871223,169.40896440067246,169.6052979143018,79542000
2022-08-18,170.96002197265625,171.6962839363271,169.94889007422466,170.56735491708034,62290100
2022-08-19,168.37818908691406,170.5575254675204,168.1720291679761,169.8605242913159,70346300
2022-08-22,164.5005645751953,166.74861119438174,164.07843325743647,166.58172694573366,69026800
2022-08-23,164.16680908203125,165.61971039901564,163.59743126526018,164.01956265497435,54147100
2022-08-24,164.46127319335938,165.03065085876125,163.20472075222654,164.2551282502834,53841500
2022-08-25,166.91551208496094,167.0234977835924,165.26629230145085,165.68840868200775,51218200
2022-08-26,160.62289428710938,167.91680343416758,160.56399573070382,167.44560000363606,78961000
2022-08-29,158.42393493652344,159.91608162954805,156.89251255304256,158.19813716461735,73314000
2022-08-30,155.9992218017578,159.58235813245375,154.83101683968195,159.1602417064485,77906200
2022-08-31,154.3401641845703,157.63861884578063,154.26162776653078,157.37356030730842,87991100
2022-09-01,155.06658935546875,155.5181549609377,151.83684522830168,153.77076113952282,74229900
2022-09-02,152.9559783935547,157.4226376540656,152.13136852434044,156.82381061062185,76957800
2022-09-06,151.69937133789062,154.21247574048533,150.87476176440495,153.6038374809055,73714800
2022-09-07,153.10324096679688,153.80022729759784,150.79628062278962,151.9841232844313,87449600
2022-09-08,151.6306915283203,153.49588236025656,149.88328282837716,151.80738719524012,84923800
2022-09-09,154.4873809814453,154.92915012061422,151.91537744584716,152.62219009337275,68028800
2022-09-12,160.43638610839844,161.25118449428555,156.38204700518378,156.66672837890903,104956000
2022-09-13,151.0220489501953,157.59931943362142,150.56065692569356,156.97104316313002,122656600
2022-09-14,152.4651336669922,154.22235404144755,150.79627611743592,151.95465448242936,87965400
2022-09-15,149.57896423339844,152.39640331677907,148.6071081028978,151.81719923234522,90481100
2022-09-16,147.9395294189453,148.57763194380593,145.6522077108374,148.44019701186863,162278800
2022-09-19,151.65032958984375,151.72886599832884,146.36888718799335,146.5750321533895,81474200
2022-09-20,154.0260009765625,155.18439428665013,150.27598106267698,150.59011171978128,107689800
2022-09-21,150.9042510986328,155.83230196535132,150.78645397951445,154.4579373320565,101696800
2022-09-22,149.94216918945312,151.6404754795318,148.14568867157536,149.58876294037415,86652500
2022-09-23,147.6745147705078,148.69547312127722,145.83877299693037,148.4206031759059,96029900
2022-09-26,148.00827026367188,150.95331767501642,146.898964278694,146.91860212230296,93339400
2022-09-27,148.9801483154297,151.88593544780034,147.20330517830297,149.9422080635759,84442700
2022-09-28,147.09530639648438,147.8806554147203,142.18689375661808,144.93560783080054,146691400
2022-09-29,139.87014770507812,144.0324877695267,138.10311583907216,143.42384928540386,128138200
2022-09-30,135.66851806640625,140.4787712884576,135.47218456289696,138.69210195416497,124925300
2022-10-03,139.8406982421875,140.44935170481597,135.16789396191245,135.67837316238783,114311700
2022-10-04,143.42384338378906,143.5416405102459,141.61753589548164,142.37343574191996,87830100
2022-10-05,143.71832275390625,144.6803824609242,140.39041942925496,141.43101553965928,79471000
2022-10-06,142.76611328125,144.83746445591814,142.55996829483985,143.13915751475957,68402200
2022-10-07,137.52389526367188,140.47876912027488,136.89561907456743,139.9290143479333,85925600
2022-10-10,137.8478546142578,139.2909290851068,136.0317509799681,137.8478546142578,74899000
2022-10-11,136.43421936035156,138.76081689569904,135.68814610919395,137.337365394685,77033700
2022-10-12,135.8059539794922,137.78895683135124,135.6292583188671,136.58149154588781,70433700
2022-10-13,140.37081909179688,140.95981974279604,131.90870376504793,132.51735724415704,113224000
2022-10-14,135.84524536132812,141.87277603175662,135.65872326737428,141.66661609125816,88598000
2022-10-17,139.80140686035156,140.28242169324201,137.70060693296034,138.48595592005591,85250900
2022-10-18,141.11688232421875,144.0128431743189,138.03439937209953,142.825015544548,99136600
2022-10-19,141.224853515625,142.2948839097448,138.9080820775627,139.09460416043055,61758300
2022-10-20,140.7634735107422,143.21768011702426,140.0370229627389,140.40025572638473,64522000
2022-10-21,144.57244873046875,145.14182662515938,140.0370634256691,140.25303486776872,86548600
2022-10-24,146.7124786376953,147.47818995640918,143.32567626964715,144.4938810962025,75981900
2022-10-25,149.54954528808594,149.6968066869272,146.62413491177585,147.34075911907576,74732300
2022-10-26,146.6143035888672,149.20594507644813,145.32828678897533,148.19481318791426,88194300
2022-10-27,142.14764404296875,146.31979510961392,141.48991849585923,145.35775035197634,109180200
2022-10-28,152.88726806640625,154.6150242142885,145.11234293200243,145.48537216958695,164762400
2022-10-31,150.53118896484375,151.4147121907347,149.1372016307876,150.35449330723716,97943200
2022-11-01,147.89047241210938,152.60255171953904,146.3983256985316,152.2393339638939,80379300
2022-11-02,142.3734130859375,149.38262560122348,142.34396380900958,146.22160672381153,93604600
2022-11-03,136.33612060546875,140.18431562523062,136.20849704009387,139.45786491513846,97918500
2022-11-04,136.07058715820312,140.28898493787645,132.1373429796548,139.71866273149064,140814800
2022-11-07,136.60157775878906,136.8277351131925,133.40581664759068,134.82178704829124,83374600
2022-11-08,137.17189025878906,139.06967336647747,135.19544046730184,138.06670690734794,89908500
2022-11-09,132.61917114257812,136.23776400792798,132.34384521853534,136.18859544917657,74917800
2022-11-10,144.4188995361328,144.4188995361328,137.171901375878,138.88286812786214,118854000
2022-11-11,147.20164489746094,147.5064688885728,141.96059578034578,143.38640864839942,93979700
2022-11-14,145.8053741455078,147.77199641885335,144.96955367768106,146.48386123047396,73374100
2022-11-15,147.5359649658203,151.0267217594032,146.0806689942232,149.6795905900005,89868300
2022-11-16,146.30682373046875,147.36880131400713,144.83185736513215,146.6411608430867,64218300
2022-11-17,148.20468139648438,148.95199258833983,143.71094152135223,143.98626748699053,80389400
2022-11-18,148.76513671875,150.15160903599656,147.46717380781297,149.76811828911318,74829600
2022-11-21,145.5398712158203,147.8604860232478,145.2547175972566,147.65399909356225,58724100
2022-11-22,147.67364501953125,147.9096450709946,144.47788413446048,145.65786938764137,51804100
2022-11-23,148.54884338378906,149.29615456069408,146.84770405367206,146.95586889544748,58301400
2022-11-25,145.63821411132812,146.3953678932279,144.66473067745702,145.83487333926465,35195900
2022-11-28,141.81314086914062,144.19275214587688,140.98716307142482,142.7177853624681,69246000
2022-11-29,138.81402587890625,142.39327767480953,138.007718580844,141.8819517027843,83763800
2022-11-30,145.5595703125,146.23805750910813,138.20440600108748,139.040211602305,111380900
2022-12-01,145.83486938476562,146.64119170281938,144.16324348642758,145.73654727553216,71250400
2022-12-02,145.34320068359375,145.53003217962117,143.21924526160134,143.52408428382984,65447400
2022-12-05,144.1829071044922,148.4013049961633,143.33725898348703,145.3038811249747,68826400
2022-12-06,140.5249786376953,144.84171332835018,139.55149534602168,144.61555599946504,64727200
2022-12-07,138.58787536621094,140.97731424983792,137.66356048798676,139.8170142991394,69721100
2022-12-08,140.26931762695312,141.12480845757423,138.7451974772698,139.9841640195035,62128300
2022-12-09,139.78750610351562,143.14060047218985,138.54852454565471,139.96449489513216,76097000
2022-12-12,142.07861328125,142.0884409898644,138.7058487137347,140.31847817047847,70462700
2022-12-13,143.04225158691406,147.46715106267968,141.83278326469596,147.00499369488003,93886200
2022-12-14,140.8199920654297,144.21241242784126,138.80420126905452,142.92427726159215,82291200
2022-12-15,134.22195434570312,139.43350575702271,133.7597969655739,138.75501875197617,98931900
2022-12-16,132.2651824951172,135.35277902524194,131.4982009688156,134.4088086870883,160156900
2022-12-19,130.160888671875,132.94366095306307,129.12842399506934,132.85516655290323,79592600
2022-12-20,130.092041015625,131.02618341248566,127.72225803734129,129.19722445474264,77432800
2022-12-21,133.18946838378906,134.52677190815584,130.53453175568677,130.76068907847488,85928000
2022-12-22,130.02320861816406,132.31432503613755,128.1254256005218,132.10783812958184,77852100
2022-12-23,129.65940856933594,130.21006041152802,127.47645662054781,128.7350936895975,63814900
2022-12-27,127.85994720458984,129.2169213883547,126.57181200307966,129.1874232542848,69007800
2022-12-28,123.93653106689453,128.84325132058044,123.76936998157427,127.50594763388183,85438400
2022-12-29,127.44695281982422,128.30242867918332,125.5983306446105,125.8539861302219,75703700
2022-12-30,127.76158905029297,127.78125947114631,125.30331909041402,126.2669671564067,77034200
2023-01-03,122.98271942138672,128.7154174535332,122.09773792777466,128.10576937065363,112117500
2023-01-04,124.25119018554688,126.51280869797894,122.99255318811515,124.77234386397704,89113600
2023-01-05,122.93354034423828,125.63764564758301,122.67788488068354,125.00832719533365,80962700
2023-01-06,127.4567642211914,128.11558077623516,122.80570749443298,123.90701849100518,87754700
2023-01-09,127.9779281616211,131.18353181246084,127.72227268810083,128.2925949020793,70790800
2023-01-10,128.54823303222656,129.06938662217883,125.9817909176488,128.0860756971166,63896200
2023-01-11,131.26217651367188,131.28183192855658,128.28274570808514,129.0595547117696,69458900
2023-01-12,131.18353271484375,132.0193381171801,129.24640871746402,131.6456901154858,71379600
2023-01-13,132.51095581054688,132.66828913693126,129.46270138354166,129.8265215721902,57809700
2023-01-17,133.67129516601562,134.99875596810472,131.8915047175872,132.5798193932039,63646600
2023-01-18,132.9534912109375,136.29674271738915,132.7764874230637,134.53662257229425,69672800
2023-01-19,133.0124969482422,133.9761376268957,131.53753029546903,131.84235433638028,58280400
2023-01-20,135.569091796875,135.71659745917918,131.98001240951498,133.02231973826562,80223600
2023-01-23,138.7550506591797,140.92817511679004,135.59861495460586,135.81494462926892,81760300
2023-01-24,140.1513214111328,140.77081216801105,137.95854199183503,137.9683697007518,66435100
2023-01-25,139.4925079345703,140.0529874380773,136.49340619294276,138.53869500355867,65799300
2023-01-26,141.5574493408203,141.8426029112318,139.53181620357194,140.78062529691158,54105100
2023-01-27,143.49456787109375,144.77287517943125,140.69214050710963,140.77080718806803,70555800
2023-01-30,140.61349487304688,143.12094131391822,140.46600420175812,142.54079133466578,64015300
2023-01-31,141.88194274902344,141.93111130163894,139.9054929686203,140.31848180314623,65874500
2023-02-01,143.00291442871094,144.16322923439725,138.96152054070433,141.56728874190614,77663600
2023-02-02,148.30300903320312,148.6569866770964,145.69722523392414,146.41503824093917,118339000
2023-02-03,151.92152404785156,154.75346405472618,145.36284257715545,145.55950174338113,154357300
2023-02-06,149.19778442382812,150.54493079230497,148.26364190831887,150.02377712562708,69858300
2023-02-07,152.06903076171875,152.63935290701122,148.12595929659778,148.12595929659778,83322600
2023-02-08,149.3846435546875,152.00025508514892,148.6471601159277,151.31194020980092,64120100
2023-02-09,148.35214233398438,151.75440537570756,147.9096553354024,151.213581264491,56007100
2023-02-10,148.71652221679688,149.04151212756338,146.95371454850684,147.19007494553122,57450700
2023-02-13,151.51341247558594,151.91717418893083,148.62790397291747,148.65744714640496,62199000
2023-02-14,150.87326049804688,151.43461079325414,148.56880303013764,149.8096612758476,61707600
2023-02-15,152.97093200683594,153.13834833360136,150.55814431502776,150.7846469892343,65573800
2023-02-16,151.37551879882812,153.95572244720177,151.02098573800205,151.17854429955682,68167900
2023-02-17,150.233154296875,150.6763169294936,148.55897600306773,150.03619479649413,59144100
2023-02-21,146.2249298095703,149.0021077790729,146.15600076088242,147.91880821074704,58867200
2023-02-22,146.64840698242188,147.67260518894304,144.92498541296462,146.60900607426132,51011300
2023-02-23,147.1309356689453,148.05666153497864,145.00375275195816,147.81045848665238,48394200
2023-02-24,144.4818115234375,144.95451719493005,143.50684198813192,144.8757304118409,55469600
2023-02-27,145.6734619140625,146.90447752822308,145.21059884097443,145.46665970602933,44998500
2023-02-28,145.1711883544922,146.81582313308783,144.5999954030627,144.81665531660641,50547000
2023-03-01,143.1031036376953,144.99394185647634,142.80765687884437,144.600022862706,55479000
2023-03-02,143.69400024414062,144.48185327566276,141.7145174362223,142.1872382713636,52238100
2023-03-03,148.7362060546875,148.8149928448926,145.0924034132026,145.79161175732688,70732300
2023-03-06,151.49368286132812,153.9261705239575,151.12930710707832,151.4542819528968,87558000
2023-03-07,149.29757690429688,151.69066400049135,148.83471383986452,151.36567408118486,56182000
2023-03-08,150.54827880859375,151.13917230662574,149.52408044265695,150.48919246419973,47204800
2023-03-09,148.30291748046875,152.19292402611515,147.94838436334126,151.22781194000862,53833600
2023-03-10,146.2446746826172,148.64761988981078,145.36819204822754,147.92871088177273,68572400
2023-03-13,148.1847381591797,150.81418573238946,145.45680332509693,145.56513330123872,84457100
2023-03-14,150.2725067138672,151.07020228030825,147.82033368029548,148.98240499263105,73695900
2023-03-15,150.6664581298828,150.92250395033966,147.64307677577528,148.8937927615987,77167900
2023-03-16,153.48301696777344,154.08375312665916,149.33695019463687,149.84905684492745,76161100
2023-03-17,152.64590454101562,154.3594833307599,151.936838491952,153.7095036146111,98944600
2023-03-20,155.0094757080078,155.42311016638172,151.80883520237765,152.71487589238697,73641400
2023-03-21,156.8609161376953,156.9790888157361,154.1625247817563,154.93069227015488,73938300
2023-03-22,155.43292236328125,159.67746084227036,155.41322191031108,156.8805976022137,75701800
2023-03-23,156.51620483398438,159.09642316640492,155.2851895124044,156.41773262448348,67622100
2023-03-24,157.81619262695312,157.90482213956633,155.45264879499626,156.44730394409444,59196500
2023-03-27,155.87608337402344,158.32827131215595,155.47230674076903,157.51087533277843,52390300
2023-03-28,155.2556610107422,156.08291480553032,153.61102618902072,155.57080817581272,45992200
2023-03-29,158.32827758789062,158.60402382956926,156.92984592593675,156.94953135245441,51305700
2023-03-30,159.89414978027344,160.00247975071784,158.82070781762587,159.07675364456477,49501700
2023-03-31,162.39556884765625,162.49405610459849,159.45098920585787,159.97293860815142,68749800
2023-04-03,163.6462860107422,163.76445869825218,161.7259047034759,161.77514833228696,56976200
2023-04-04,163.114501953125,164.3061166832112,162.60239523685718,164.06977129650792,46278300
2023-04-05,161.27288818359375,162.54330471265868,159.34266411557562,162.2380152446489,51511700
2023-04-06,162.15921020507812,162.45465692468338,159.5396056660462,159.96306777674639,45390100
2023-04-10,159.56918334960938,159.56918334960938,157.64880179736934,158.96844706639095,47716900
2023-04-11,158.3578338623047,159.8941387722609,158.0722298566841,159.88429605818737,47644200
2023-04-12,157.66847229003906,159.59869619161648,157.35332510698044,158.77145737665472,50133100
2023-04-13,163.04554748535156,163.28190788405584,158.96842452673738,159.1752417539843,68445600
2023-04-14,162.7008819580078,163.79402444901268,161.3319931654023,162.09028798128088,49386500
2023-04-17,162.72055053710938,162.8781241294329,161.53877864877254,162.5826774005875,41516200
2023-04-18,163.94174194335938,164.86746811951792,163.13418846133288,163.57736611842117,49923000
2023-04-19,165.08412170410156,165.60607111909823,163.02585218946155,163.2819130529251,47720200
2023-04-20,164.11898803710938,165.32046042282218,163.04554607797024,163.56749547193866,52456400
2023-04-21,162.5137176513672,163.92199192078084,161.99176837404192,162.54326081596733,58337300
2023-04-24,162.81903076171875,163.08493430890758,161.40089854610392,162.49404087672,41949600
2023-04-25,161.28274536132812,163.78416246885476,161.24334444666383,162.68117729099055,48714100
2023-04-26,161.27288818359375,162.7698073781101,160.32747660698578,160.58352244501583,45498800
2023-04-27,165.85226440429688,165.9999802574992,162.6811671878293,162.6811671878293,64902300
2023-04-28,167.1029815673828,167.27041291997128,165.33033104891717,165.93106728858945,55275900
2023-05-01,167.0143280029297,167.86126725124362,166.07875924686118,166.70903856930101,52472900
2023-05-02,165.98028564453125,167.76280882251325,164.9954731830596,167.50674796522142,48425700
2023-05-03,164.9068603515625,168.32416114075937,164.6212713207429,166.92572910723644,65136000
2023-05-04,163.2720489501953,164.50306450874902,161.81453073644045,162.3857237588548,81235400
2023-05-05,170.9338836669922,171.65279246173276,168.16654839153733,168.38320830672657,113453200
2023-05-08,170.8649444580078,171.20963479482143,169.49605587870553,169.86043164324718,55962800
2023-05-09,169.16122436523438,170.90433143409618,168.99380806621033,170.42178299192224,45326900
2023-05-10,170.92404174804688,171.38690478906514,169.28924951921832,170.39224965147537,53724500
2023-05-11,171.1111297607422,171.93836845064925,169.55512459046415,171.20961699732078,49514700
2023-05-12,170.1841583251953,171.653548851867,168.6358569767775,171.21962961924467,45533100
2023-05-15,169.69105529785156,170.81529363826058,169.09934457223466,170.76598190315437,37266700
2023-05-16,169.69105529785156,170.74625419954612,169.42478396654107,169.61215953124739,42110300
2023-05-17,170.302490234375,170.53916250241704,168.06386972955488,169.3360433616003,57951600
2023-05-18,172.6298370361328,172.81721258554498,170.1939849894296,170.60817644442238,65496700
2023-05-19,172.7383575439453,173.95134816577144,172.5213979143073,173.95134816577144,55809500
2023-05-22,171.7916259765625,172.2945846931845,171.0519949677244,171.57466634347682,43570900
2023-05-23,169.1881103515625,170.9829553293692,168.9119826700276,170.7364116817252,50747300
2023-05-24,169.4642333984375,170.03621645106807,168.16249079935005,168.7246024757336,45143500
2023-05-25,170.5983428955078,171.4957503105663,169.3163129553576,170.02635984381527,56058300
2023-05-26,173.00462341308594,173.33993425328168,170.71670589408566,170.92380920574092,54835000
2023-05-30,174.84878540039062,176.51542312806916,174.1288820495124,174.5134895983742,55964400
2023-05-31,174.79945373535156,176.87042648421155,174.3162227478627,174.87834951174753,99625300
2023-06-01,177.60018920898438,177.62977324467488,174.4838737017158,175.24323239604442,68901800
2023-06-02,178.4482879638672,179.2668146743205,176.78165050926717,178.52718373632618,61996900
2023-06-05,177.09722900390625,182.39298156722955,175.57851175717974,180.10506441660397,121946500
2023-06-06,176.73236083984375,177.62976831057978,174.97695616659206,177.4818481362361,64848400
2023-06-07,175.36158752441406,178.70471906299082,174.86850018805862,175.9730110061888,61944600
2023-06-08,178.07354736328125,178.3398036598064,175.00654388250445,175.44044804834044,50214900
2023-06-09,178.4581756591797,179.71060666093933,178.13273621096323,178.99070336218668,48900000
2023-06-12,181.24903869628906,181.34766218390052,178.468033910057,178.76388932505995,54274900
2023-06-13,180.7756805419922,181.60406367252176,179.91771337450308,180.27273686584886,54929100
2023-06-14,181.4068145751953,181.84073380664427,179.50350482104812,180.83483150172444,57462900
2023-06-15,183.4383087158203,183.94126732878541,181.23914384950322,181.416663079911,65433200
2023-06-16,182.36338806152344,184.40477651433866,181.72238065098958,184.1483615118621,101256200
2023-06-20,182.45213317871094,183.52707478677846,181.86043752572817,181.86043752572817,49799100
2023-06-21,181.4167022705078,182.84665255889604,180.06563271508736,182.34369383727915,49515700
2023-06-22,184.41464233398438,184.46395407144706,181.1306792503188,181.19971869233248,51245300
2023-06-23,184.0990447998047,184.96688315796402,182.45213522308205,182.9846778693447,53117000
2023-06-26,182.7085418701172,185.45010559685554,182.66908646591548,184.24697158177437,48088700
2023-06-27,185.45997619628906,185.78541559077308,183.10301971608257,183.31997931240525,50730800
2023-06-28,186.633544921875,187.27455239917202,185.00636283468697,185.33178721386028,51216800
2023-06-29,186.96881103515625,187.44218560729155,186.32780365948648,186.46586748106895,46347300
2023-06-30,191.28826904296875,191.79121262094537,188.61572952588827,188.9806243235532,85213200
2023-07-03,189.79916381835938,191.19952989799955,189.10882958307744,191.10090642215079,31458200
2023-07-05,188.68479919433594,190.31198136153697,187.98460856583768,188.92148652956726,46920300
2023-07-06,189.1581573486328,189.36526064633148,186.5842409083175,187.21539208287066,45094300
2023-07-07,188.0437774658203,190.0062704618662,187.60987325439862,188.76369580404943,46815000
2023-07-10,186.0023956298828,187.36332142042107,184.4540942539423,186.6434031135775,59922200
2023-07-11,185.47970581054688,186.68283993061024,184.02017173211044,186.5447760995126,46638100
2023-07-12,187.14634704589844,189.04965668897157,185.864317131752,187.0575799007695,60750200
2023-07-13,187.90570068359375,188.54672319895087,187.15621340871894,187.8662603208446,41342300
2023-07-14,188.0536346435547,188.53685056119244,187.00829198764853,187.59998771190843,41616200
2023-07-17,191.30799865722656,191.63343805134278,189.15813040004866,189.24688249449068,50520200
2023-07-18,191.0515899658203,191.64330071063998,189.75970372238763,190.6768538720752,48288200
2023-07-19,192.40269470214844,195.4894113562338,189.9865545896983,190.4303452538346,80507300
2023-07-20,190.45989990234375,193.75371936128715,189.83860510668907,192.39279363664537,59581200
2023-07-21,189.286376953125,192.2744851317762,188.58618628535973,191.41651794617295,71951700
2023-07-24,190.08514404296875,192.21528467718613,189.59205676918674,190.73602285584008,45377800
2023-07-25,190.94309997558594,191.75177028050072,190.25278084201756,190.65711599447494,37283200
2023-07-26,191.81097412109375,192.93521264770516,190.64729522856234,190.9924473358141,47471900
2023-07-27,190.54864501953125,194.47361545879667,189.88790988625553,193.30993672945922,47460200
2023-07-28,193.12258911132812,193.9115318637554,191.45595149688123,191.97862287270013,48291400
2023-07-31,193.73399353027344,193.77344894031904,192.56044337061044,193.34938604539337,38824100
2023-08-01,192.90560913085938,194.0101198390568,192.58016971551623,193.52690392813534,35175100
2023-08-02,189.91751098632812,192.48155598125388,189.19760772385698,192.3434921357412,50389300
2023-08-03,188.52700805664062,189.71041463976601,188.0536484329567,188.92148694956984,61235200
2023-08-04,179.47393798828125,184.7894189873242,179.40489853673822,182.95513345446872,115956800
2023-08-07,176.37733459472656,180.59816071157974,174.89807268327345,179.6119861039443,97576100
2023-08-08,177.31417846679688,177.77768168655697,175.1248698685598,177.20569866966517,67823000
2023-08-09,175.72645568847656,178.42856448196,174.56276182695083,178.3693964131728,60378500
2023-08-10,175.50949096679688,178.25105509162734,175.14461118800062,176.99860916334498,54686900
2023-08-11,175.56874084472656,176.3883728930982,174.34424265962002,175.10462674008653,52036700
2023-08-14,177.2178955078125,177.44501774834183,175.09474782272636,175.74650562753334,43675600
2023-08-15,175.2329864501953,177.23762299403361,174.8379899652799,176.6451282666605,43622600
2023-08-16,174.36399841308594,176.30937200366554,174.29486573787133,174.91699954220002,46964900
2023-08-17,171.82611083984375,175.29225282363015,171.31260330101006,174.92688028330798,66062900
2023-08-18,172.30995178222656,172.91233113031433,169.81156245363653,170.14731092485977,61172200
2023-08-21,173.64309692382812,173.92948217703207,171.56934282132403,172.88272795365145,46311900
2023-08-22,175.01573181152344,175.46010661888187,174.04797988711957,174.84785755399471,42038900
2023-08-23,178.85716247558594,179.2817980823254,176.10202612434662,176.289654759779,52722800
2023-08-24,174.17637634277344,178.8374075605793,173.8109887437673,178.41277199096436,54945800
2023-08-25,176.37850952148438,176.91175631972774,173.62337343895007,175.16388093182096,51449600
2023-08-28,177.93875122070312,178.33374768816518,176.31924159506977,177.83999456976295,43820700
2023-08-29,181.81967163085938,182.5899254092932,177.25739693272806,177.45489519701718,53003900
2023-08-30,185.3055419921875,185.50305529692773,182.43191025327192,182.62940848986258,60813900
2023-08-31,185.5228271484375,186.75721017905872,185.13770024560978,185.49320316115478,60794500
2023-09-01,187.09295654296875,187.54720101813678,185.92769123419916,187.12258052751662,45766500
2023-09-05,187.3299560546875,187.60645663383806,185.26607135025952,185.92769881238064,45280000
2023-09-06,180.62477111816406,186.49056063180015,179.2027597126584,186.0461707664675,81755800
2023-09-07,175.34161376953125,175.98350189646143,171.37183427986267,172.99134398653018,112488800
2023-09-08,175.95387268066406,177.98814840122637,175.56874581023814,176.12176201867752,65551300
2023-09-11,177.11911010742188,178.0473683330804,175.12434339280344,177.82024612940288,58953100
2023-09-12,174.09739685058594,177.87954850785982,172.6358914674074,177.2475449582567,90370200
2023-09-13,172.03346252441406,175.08485308011382,171.80632524830068,174.30471474035696,84267900
2023-09-14,173.5443572998047,173.89986015970092,171.4113401404273,171.82609096561458,60895800
2023-09-15,172.82347106933594,174.29486087176767,171.6483512368518,174.27510652680778,109259500
2023-09-18,175.74649047851562,177.13887792290447,173.9689761950564,174.2751007250675,67257600
2023-09-19,176.83277893066406,177.38578010579235,174.91701409671836,175.3021409914078,51826900
2023-09-20,173.29747009277344,177.45486279571944,173.20858308214417,177.02035765272817,58436200
2023-09-21,171.75697326660156,174.09737357666756,171.68785565712008,172.36923745366522,63149100
2023-09-22,172.60618591308594,174.8675833375957,171.87544103709462,172.48769000198408,56725400
2023-09-25,173.88009643554688,174.75897636563758,171.97420160197885,172.02357992644104,46172700
2023-09-26,169.8115997314453,173.01111068359924,169.51534481079926,172.63586851438868,64588900
2023-09-27,168.3007049560547,170.87809720821267,166.93795639924983,170.4633463371719,66921800
2023-09-28,168.55743408203125,169.88068876106084,165.52578284422083,167.22429469748067,56294400
2023-09-29,169.0709686279297,170.90773103963988,168.21182785802986,169.87084635964763,51861100
2023-10-02,171.57923889160156,172.12237043121976,168.79446358018748,169.08084887750982,52164500
2023-10-03,170.24607849121094,171.46072207785286,168.6858318118607,170.1078282132375,49594600
2023-10-04,171.49037170410156,172.03350325883684,168.8339769739755,168.9524729247714,53020300
2023-10-05,172.7247314453125,173.2579782200924,170.52258153582127,171.61871413723316,48527900
2023-10-06,175.27249145507812,175.76624458491796,171.016326818613,171.6285909459562,57266700
2023-10-09,176.75376892089844,176.81301689163445,173.60362121945622,174.6009972191987,42390800
2023-10-10,176.1612548828125,177.47464011941017,175.72674968355904,175.8748846750232,43698000
2023-10-11,177.5536346435547,177.60301297187604,175.3811238107674,175.9736185461729,47551100
2023-10-12,178.45228576660156,180.0619109305439,176.80313684087554,177.8202822818536,56743100
2023-10-13,176.61550903320312,179.6570151987734,175.91437292525092,179.1533924067404,51427100
2023-10-16,176.4871368408203,176.84263973108403,174.3047411678942,174.54174811745375,52517000
2023-10-17,174.93673706054688,176.19087429527403,172.61610626933813,174.44298390478113,57549400
2023-10-18,173.64309692382812,175.36136323860268,172.92222157401596,173.38635072108465,54764400
2023-10-19,173.2678680419922,175.61812287122567,173.00123711265553,173.84060845589931,59302900
2023-10-20,170.7200927734375,173.22835212793277,170.4830858385587,173.11972583296543,64244000
2023-10-23,170.8385772705078,171.83595313524123,167.80692592091492,168.77469287243957,55980100
2023-10-24,171.27310180664062,171.50022404547477,169.30795876796012,170.88797493724758,43816600
2023-10-25,168.96234130859375,170.89784530264086,168.51795139973865,169.73259505065448,57157000
2023-10-26,164.804931640625,169.2388405091802,163.600172706508,168.2414494672427,70625300
2023-10-27,166.11830139160156,166.8490614359056,164.745668316651,164.82467062426355,58499100
2023-10-30,168.16244506835938,169.03145545417337,166.7601878982554,166.90832288755587,51131000
2023-10-31,168.63644409179688,168.764809656098,165.8022909489589,167.23418704526227,44846000
2023-11-01,171.79647827148438,172.05322449399938,167.99457285522465,168.86358325166134,56934900
2023-11-02,175.3514862060547,175.55885407348563,173.2678474852133,173.32709544733643,77334800
2023-11-03,174.4429931640625,174.61088250590672,171.18423421755685,172.06311427874405,79829200
2023-11-06,176.9907684326172,177.1882666996337,174.0085099439187,174.1763842242903,63841300
2023-11-07,179.5483856201172,180.1606346460721,176.73398690556192,176.94135477067297,70530000
2023-11-08,180.6050262451172,181.15802736111343,179.32126504404005,180.07177947416378,49340300
2023-11-09,180.13104248046875,181.81966995293175,179.53853262491765,180.67417400336535,53763500
2023-11-10,184.31369018554688,184.48180071812672,181.47581782404296,181.91089548671326,66133400
2023-11-13,182.73159790039062,183.94782669363863,182.1482051958573,183.74018560328048,43627500
2023-11-14,185.34207153320312,186.004570716613,184.21483163951993,185.59915603948022,60108400
2023-11-15,185.90567016601562,187.3789985945617,185.6782486931539,185.7474724520267,53790500
2023-11-16,187.5866241455078,188.8226331691939,186.53847581950137,187.44819173837502,54412900
2023-11-17,187.56687927246094,188.24915879673333,186.45941980581802,188.1206090057824,50922700
2023-11-20,189.30715942382812,189.7620174322178,187.75473976876387,187.76462241033667,46505100
2023-11-21,188.50624084472656,189.37639617894334,187.61632022600733,189.26762676216626,38134500
2023-11-22,189.16871643066406,190.77057938008178,188.6940931656517,189.3467095850447,39617700
2023-11-24,187.84373474121094,188.76331834061182,187.13179223741543,188.7336553269539,24048300
2023-11-27,187.6657257080078,188.53588093642713,186.78568783853885,187.79427548166112,40552600
2023-11-28,188.2689208984375,188.94131776896225,187.28011350908017,187.65586514519703,38415400
2023-11-29,187.2504425048828,189.93999969621768,186.85492560121705,188.76331653900834,43014200
2023-11-30,187.8239288330078,188.18979776505014,186.08363355367433,187.71515943504943,48794400
2023-12-01,189.0994873046875,189.4158977511225,187.11197525051801,188.19966916513812,45704800
2023-12-04,187.30975341796875,187.92282418358675,185.35191925319242,187.85360043262926,43389500
2023-12-05,191.25509643554688,192.2241233156588,188.05135551468544,188.081033613139,66628400
2023-12-06,190.16741943359375,192.58009647341478,189.95976327032974,192.27356863697858,41089700
2023-12-07,192.0955810546875,192.81740609388598,191.42318430562543,191.4627450433353,47477700
2023-12-08,193.5194854736328,193.79635031367135,191.50231010992096,192.02637677770835,53406400
2023-12-11,191.01780700683594,191.32434997590968,189.27751140798418,190.948598334338,60943700
2023-12-12,192.53067016601562,192.54055280703432,189.57413099725628,190.9189094878757,52696900
2023-12-13,195.74429321289062,195.7838388648497,192.66910200901862,192.90640609677627,70404200
2023-12-14,195.8926239013672,197.3857175620074,193.964452594447,195.8036348613561,66831600
2023-12-15,195.35867309570312,196.1793699091571,194.79504567055722,195.3191123528845,128538400
2023-12-18,193.6974639892578,194.4291868327445,192.21425301938103,193.8952224343076,55751900
2023-12-19,194.7357177734375,194.7456004150459,193.69746706046115,193.96444926391277,40714100
2023-12-20,192.6493377685547,195.46742966263125,192.6493377685547,194.69616113684165,52242800
2023-12-21,192.50099182128906,194.87413831888384,191.33420648650613,193.90511142023345,46482500
2023-12-22,191.43309020996094,193.22282892375426,190.81013681243016,192.9953923922105,37149600
2023-12-26,190.8892822265625,191.71987686773375,190.67174337939798,191.44301198734334,28919300
2023-12-27,190.98812866210938,191.33421726083122,188.95118798803827,190.33552729492325,48087700
2023-12-28,191.413330078125,192.4812438348005,191.00791544042355,191.96705978425237,34049900
2023-12-29,190.37506103515625,192.2241257878035,189.58401220758475,191.72972215657148,42672100
2024-01-02,183.56219482421875,186.33085840634024,181.83178197139316,185.05528848269014,82488700
2024-01-03,182.187744140625,183.79950485996184,181.37691491631995,182.15808112880916,58414500
2024-01-04,179.87396240234375,181.04074792224714,178.85549196107084,180.11126652815247,71983600
2024-01-05,179.15208435058594,180.71440156415224,178.15339449300276,179.95303087035154,62379700
2024-01-08,183.48306274414062,183.52262348166371,179.46850790157933,180.0519005320401,59144500
2024-01-09,183.06777954101562,183.07766218215258,180.68475037086026,181.86143345023166,42841800
2024-01-10,184.10606384277344,184.31370496059992,181.86146667843008,182.28666173303466,46792900
2024-01-11,183.51275634765625,184.9564217479187,181.56480461990643,184.45212033242825,49128400
2024-01-12,183.83908081054688,184.6499101684802,183.11725559073133,183.9775132511691,40477800
2024-01-16,181.57467651367188,182.19761480887055,178.90488492167398,180.1211286782067,65603000
2024-01-17,180.63528442382812,180.88248621338644,178.28193364707266,179.241077797599,47317400
2024-01-18,186.51870727539062,187.0229935165519,183.75004409317066,184.00712853391946,78005800
2024-01-19,189.41592407226562,189.80155831594578,186.70660172518024,187.21088801676132,68903000
2024-01-22,191.7198486328125,193.14373357255337,190.10808789018887,190.14764863184953,60133900
2024-01-23,192.9954071044922,193.55903452389106,191.66052626402544,192.83720939883855,42355600
2024-01-24,192.3230438232422,194.18200660712424,192.16483101440033,193.232744842077,53631300
2024-01-25,191.9967041015625,194.07320538533628,190.9485708187439,193.0349547434494,54822100
2024-01-26,190.26626586914062,192.58007092887775,189.79164267206622,192.0955650921974,44594000
2024-01-29,189.5840301513672,190.04877081575225,187.45810037105477,189.86089500402176,47145600
2024-01-30,185.93533325195312,189.65325866018404,185.37172089064353,188.80288370915284,55859400
2024-01-31,182.33604431152344,185.0058358609704,182.28661602120093,184.94649475418208,55467800
2024-02-01,184.76849365234375,184.85748266942585,181.7625267340236,181.9306221289561,64885400
2024-02-02,183.76983642578125,185.2332669548565,177.24370243482153,177.84687547061628,102551700
2024-02-05,185.57933044433594,187.13176501057416,183.75992879401906,186.04407104136263,69668800
2024-02-06,187.18121337890625,187.19109601961685,184.67953227102765,184.76852130142626,43490800
2024-02-07,187.28997802734375,188.91162125480523,186.49892923853312,188.5062066759397,53439000
2024-02-08,186.2122039794922,187.418535043408,185.2530596605407,187.27021997882892,40962000
2024-02-09,186.97451782226562,188.10319576406224,186.13295321429996,186.7764919564484,45155200
2024-02-12,185.29141235351562,186.796321504533,184.9349868995182,186.54880424779185,41781900
2024-02-13,183.2023468017578,184.36074073565214,181.68754255866872,183.92510799252145,56529500
2024-02-14,182.3212127685547,183.6875129162611,180.62820312290157,183.4796068721132,54630500
2024-02-15,182.03407287597656,182.65782113209212,179.54900531664387,181.7271539268571,65434500
2024-02-16,180.49949645996094,183.0142804515248,179.86585283584154,181.5984737728991,49752500
2024-02-20,179.75694274902344,180.6182980286837,178.2124373755958,179.98465441119404,53665600
2024-02-21,180.50938415527344,181.0737156195715,178.8658660184515,180.13315310757224,41371400
2024-02-22,182.53904724121094,183.12319953047427,180.64802661628633,181.6578862880503,52292200
2024-02-23,180.70742797851562,183.2023913936763,180.42029946099493,183.17269052734747,45119700
2024-02-26,179.3609161376953,180.9450175834942,178.85597124394113,180.43019254491847,40867400
2024-02-27,180.81631469726562,182.09349711935678,177.77679547469845,179.30151026553332,54318900
2024-02-28,179.6183319091797,181.30144633523983,178.34114943443706,180.69750358801915,48953900
2024-02-29,178.95498657226562,180.75691955299587,177.74710108364005,179.4698267249393,136682600
2024-03-01,177.87582397460938,178.7371792855814,175.61846756104012,177.76691576574171,73563100
2024-03-04,173.36109924316406,175.14321147352493,172.06409607852763,174.4006596751229,81510100
2024-03-05,168.4305419921875,170.33147275577412,167.93550746706842,169.0641855800497,95132400
2024-03-06,167.4404754638672,169.53943215491887,167.00484265804033,169.36121186741923,68587700
2024-03-07,167.32167053222656,169.0344857697736,166.81674075207243,167.47017484778516,71765100
2024-03-08,169.03448486328125,171.9749911536114,167.26226790901475,167.32166963491963,76267000
2024-03-11,171.03443908691406,172.6482565736913,170.34139373001014,171.2225546353428,60139500
2024-03-12,171.50965881347656,172.3017170819102,169.31170429451927,171.43045147590772,59825400
2024-03-13,169.43052673339844,171.4700666239107,169.06419090034882,171.05423942259554,52488700
2024-03-14,171.2819366455078,172.57892461566286,170.34137411890524,171.1928340614332,72913500
2024-03-15,170.90570068359375,170.90570068359375,168.5988381717502,169.47010369924573,121752700
2024-03-18,171.99478149414062,175.94516209588443,171.79677072295308,173.82641511894556,75604200
2024-03-19,174.33135986328125,174.85609525037736,171.31164624406932,172.6086342803731,55215200
2024-03-20,176.89564514160156,176.89564514160156,173.35119593354977,173.97494430389506,53423100
2024-03-21,169.6681365966797,175.72736975318543,169.14340118299,175.29173693263047,106181300
2024-03-22,170.569091796875,171.33144918231721,168.37113733503185,170.05425166968308,71160100
2024-03-25,169.1533203125,170.23249206020807,167.76721443821097,168.87610215909345,54288300
2024-03-26,168.0246124267578,169.71762191427138,167.89589862566189,168.3117257823714,57388400
2024-03-27,171.58885192871094,171.87598039200594,168.42063422483255,168.7176579392829,60273300
2024-03-28,169.7770233154297,170.51957504542207,168.8166552027259,170.04434616825796,65672700
2024-04-01,168.34144592285156,169.54933141950085,167.79690490268092,169.48992969134684,46240500
2024-04-02,167.16323852539062,167.6582730022656,166.55929585931307,167.4008605129018,49329500
2024-04-03,167.9652099609375,168.98497988400436,166.90584392266877,167.11374996517486,47691700
2024-04-04,167.14346313476562,170.21266810452119,167.14346313476562,168.59885072968464,53704400
2024-04-05,167.8959197998047,168.69787335368648,167.2721714324497,167.90581505219322,42104800
2024-04-08,166.77713012695312,167.51968192191484,166.5692240844266,167.3513719945941,37425500
2024-04-09,167.98501586914062,168.39094781013864,166.67813256359855,167.02464767080627,42373800
2024-04-10,166.11378479003906,167.4107728345435,165.45044033625643,167.12365945587084,49709300
2024-04-11,173.30166625976562,173.71750852250418,166.49000200344838,166.6682071669761,91070300
2024-04-12,174.79669189453125,176.5887144383463,172.47993396851362,172.52942533467058,101670900
2024-04-15,170.9750213623047,174.8758957155582,170.78690583147454,173.6185038309996,73531800
2024-04-16,167.6979217529297,172.03441446797186,166.59894436401518,170.0443808641566,73711200
2024-04-17,166.3315887451172,168.9552655008738,166.3315887451172,167.9256004082147,50901200
2024-04-18,165.38111877441406,166.96523521407434,164.8959946340493,166.36129252101995,43122900
2024-04-19,163.3614044189453,164.7474951408098,162.4505426435407,164.55939469854349,68149400
2024-04-22,164.19305419921875,165.59895049362888,163.1336881290828,163.87623994630854,48116400
2024-04-23,165.24249267578125,165.3910120745114,163.2821604920133,163.70789797300347,49537800
2024-04-24,167.34149169921875,167.6187098522012,164.5593998092657,164.8861093338651,48251800
2024-04-25,168.2028350830078,168.9156860278579,166.4801094484109,167.84640961058278,50558300
2024-04-26,167.61871337890625,169.63844783702467,167.49989480565932,168.1929553099538,44838400
2024-04-29,171.7769775390625,174.28185098854456,171.38095596804143,171.64826373021612,68169400
2024-04-30,168.63845825195312,173.25218351807536,168.31173366197407,171.6086653165762,65934800
2024-05-01,167.61871337890625,170.99485287185942,167.43059781958385,167.8959315377214,50383100
2024-05-02,171.3116455078125,171.69777183075684,169.19289835753364,170.79680537480178,94214900
2024-05-03,181.5588836669922,185.14292911827533,180.84603267784937,184.7963988764884,163224100
2024-05-06,179.90545654296875,182.3707188474722,178.62825898838415,180.53910014061182,78569700
2024-05-07,180.58856201171875,183.0637342712393,179.51930088998813,181.6281373821679,77305800
2024-05-08,180.9252166748047,181.25194126160505,179.64801918938014,181.0341248704048,45057100
2024-05-09,182.737060546875,182.82616313989396,180.30148392023486,180.74701199258516,48983000
2024-05-10,181.47796630859375,183.50044009541958,180.56586910059414,183.31206939842306,50759500
2024-05-13,184.6802215576172,185.49318663872077,183.0344740478803,183.84743912898392,72044800
2024-05-14,185.82032775878906,186.68286641073877,184.69011878206607,185.89964252722956,52393600
2024-05-15,188.0906982421875,189.01270420161362,185.76087383759318,186.2962448244031,70400000
2024-05-16,188.2096405029297,189.458829238671,188.03119361367854,188.83423487080034,52845200
2024-05-17,188.2393798828125,189.1713095252472,187.55530322495105,187.8824709799172,41282900
2024-05-20,189.39935302734375,190.2718004798306,187.3867877585141,187.70404687859929,44361300
2024-05-21,190.69808959960938,191.07481584379752,189.28036268210627,189.44890089382775,42309400
2024-05-22,189.26052856445312,191.16405275409193,188.63594934473116,190.61877317517173,34648500
2024-05-23,185.27505493164062,189.35966699130785,185.0272019643745,189.33983451815809,51005900
2024-05-24,188.34841918945312,188.94327235106317,186.4250777783575,187.19839293954828,36327000
2024-05-28,188.35836791992188,191.3425125399711,187.4760118609873,189.86530324069457,52280100
2024-05-29,188.65577697753906,190.59895109353056,187.8824768517226,187.98162409974876,53068000
2024-05-30,189.64720153808594,190.52955764421512,188.99288109200768,189.12175436970267,49889100
2024-05-31,190.59896850585938,190.91622762632966,188.27906791647348,189.79592715782175,75158300
2024-06-03,192.36366271972656,193.31542486412093,190.86663609575578,191.24336235629542,50080500
2024-06-04,192.68092346191406,193.64259428823095,191.3722523931234,192.96842627855952,47471400
2024-06-05,194.18783569335938,195.20898869639487,193.19642383583022,193.7218709101011,54156800
2024-06-06,192.80979919433594,194.8124556459051,192.5024638984892,194.0094143560484,41181800
2024-06-07,195.19911193847656,195.2486855650071,192.47272888451312,192.978343568532,53103900
2024-06-10,191.46145629882812,195.60556579928584,190.49978557066368,195.20899197297106,97010200
2024-06-11,205.37100219726562,205.38092599962496,191.96712203677995,191.98693938600363,172373300
2024-06-12,211.2401580810547,218.3089152196564,205.1231328450552,205.58909768640683,198134300
2024-06-13,212.40011596679688,214.8885546834631,209.7827888470424,212.8958219752939,97862700
2024-06-14,210.66513061523438,213.32210737882852,209.4853479747781,212.01345147179217,70122700
2024-06-17,214.80921936035156,217.06963733267014,210.8931452933454,211.5375569916551,93728300
2024-06-18,212.4496612548828,216.75240063817128,211.1707464886947,215.72132373307375,79943300
2024-06-20,207.87925720214844,212.40010854906527,207.0563985691976,212.09275812722348,86172500
2024-06-21,205.7080535888672,210.0702597495804,205.3313122387871,208.58314195009936,241805100
2024-06-24,206.3524627685547,210.87329840415435,204.81577136869439,205.93607160503834,80727000
2024-06-25,207.27450561523438,209.5646648210329,206.81844945769743,207.35380525957078,55549700
2024-06-26,211.41860961914062,213.0147835489249,208.83102368645302,209.68363861405976,66213200
2024-06-27,212.26132202148438,213.88723714823547,210.52635096614495,212.84625148948237,49772700
2024-06-28,208.81117248535156,214.21437951883613,208.4939285392998,213.91695291908772,82542700
2024-07-01,214.88853454589844,215.64200216221636,210.10001313722785,210.26855134899324,60402900
2024-07-02,218.37831115722656,218.4873670751859,213.25271326862932,214.2936836981781,58046200
2024-07-03,219.64732360839844,219.64732360839844,217.1489612238199,218.11063203893852,37369800
2024-07-05,224.39617919921875,224.50523511983306,219.74645469045154,219.74645469045154,60412400
2024-07-08,225.8634796142578,225.89322076278884,221.3327197032473,225.13973799267995,59085900
2024-07-09,226.71607971191406,227.42989753320916,224.4259205051531,225.97252074204383,48076100
2024-07-10,230.9791717529297,231.07831900756045,227.28120909695775,227.33078272427315,62627700
2024-07-11,225.61563110351562,230.39422897123262,223.83108651749725,229.40281699319425,64710600
2024-07-12,228.5601043701172,230.64207551688347,226.71607753741577,226.9540218514806,53046500
2024-07-15,232.38694763183594,235.1926451763578,231.08820043911544,234.44908623752588,62631300
2024-07-16,232.8033447265625,234.24088892580107,230.3347237014565,232.98179160349451,43234300
2024-07-17,226.9143524169922,229.47219684306242,224.6935843942369,227.47944931340314,57345900
2024-07-18,222.25473022460938,228.46097889584826,220.36114484151935,228.3023493485251,66034600
2024-07-19,222.3836212158203,224.85224251867803,221.36246807560826,222.88925101284036,49151500
2024-07-22,222.03662109375,225.82380677595344,221.174082433242,225.06041535891617,48201800
2024-07-23,223.07762145996094,224.99105459605977,220.7676295522315,222.4431183487035,39960300
2024-07-24,216.66314697265625,222.86939506256107,215.2652677100796,222.0762625279836,61777600
2024-07-25,215.6221923828125,218.95333716975932,212.77682977395946,217.04981289629316,51391200
2024-07-26,216.08816528320312,217.60502442671483,214.15489978899527,216.82180047841348,41601300
2024-07-29,216.36575317382812,217.41664743865044,213.8971319294418,215.09674706599597,36311800
2024-07-30,216.92095947265625,218.4378186982869,214.26396731336547,217.30760956688079,41643800
2024-07-31,220.17274475097656,221.8978068103832,218.73520059867647,219.5382417741392,50036300
2024-08-01,216.4846954345703,222.55213120715743,215.15620716620225,222.44307529690366,62501000
2024-08-02,217.97181701660156,223.6625266661827,215.8402875210575,217.26790792406092,105568600
2024-08-05,207.47274780273438,211.66641540377168,194.31670922313467,197.3801679980859,119548600
2024-08-06,205.45030212402344,208.18660889381388,199.3432157724579,203.53688424769564,69660500
2024-08-07,208.01805114746094,211.80523672133984,204.61750047992084,205.12311510057037,63516400
2024-08-08,211.47808837890625,212.36044444161047,207.0365669160157,211.27980900719393,47161100
2024-08-09,214.3829345703125,214.91829038971974,210.1496011292121,210.27848952903548,42201600
2024-08-12,215.91146850585938,217.8767320905019,213.9958359256548,214.4623401059105,38028100
2024-08-13,219.6236572265625,220.2390393048837,217.380462936734,217.380462936734,44155300
2024-08-14,220.07029724121094,221.37054778476931,218.06532277692483,218.92885985517657,41960600
2024-08-15,223.0479736328125,223.67329096872731,221.10255033510867,222.9288713384501,46414000
2024-08-16,224.36807250976562,225.14226768918678,221.98592068094572,222.25391598005478,44340200
2024-08-19,224.20925903320312,224.30852103873067,221.38045847347976,224.0405257400108,40687800
2024-08-20,224.8246612548828,225.4797542015927,223.7725505409132,224.09017687092657,30299000
2024-08-21,224.71546936035156,226.28371522001356,223.37552309496598,224.8345868015738,34765500
2024-08-22,222.859375,226.64102413052154,222.2340576918725,226.09511339685906,43695300
2024-08-23,225.15220642089844,226.5219434569281,222.66088738350675,223.9809934126029,38677300
2024-08-26,225.48963928222656,225.58890128123517,222.22412549030662,225.07276614784877,30602200
2024-08-27,226.33334350585938,227.14724957253156,223.21670725505913,224.31844891527626,35934600
2024-08-28,224.80477905273438,228.14969931126205,224.00079323426468,226.22413169403993,38052200
2024-08-29,228.0802459716797,231.18696212304621,227.1770283167567,228.3879521456165,51906300
2024-08-30,227.29612731933594,228.68570457235603,225.78743262658827,228.4772755570311,52990800
2024-09-03,221.11248779296875,227.2961293418145,219.52438650802387,226.84948058831634,50190600
2024-09-04,219.20677185058594,220.12984491677884,215.86183603349318,220.01074262314262,43840200
2024-09-05,220.7253875732422,223.80231295165626,219.87178579311316,219.9809679444758,36615400
2024-09-06,219.17698669433594,223.56409767944487,218.13479623481732,222.28368749781316,48423000
2024-09-09,219.26632690429688,219.6236489368284,215.09757995493325,219.17700018247805,67180000
2024-09-10,218.47225952148438,219.83206111139577,215.1174037589381,217.29111136152258,51591000
2024-09-11,221.00331115722656,221.4301044903715,216.26879790334314,219.81224273641337,44587100
2024-09-12,221.11248779296875,221.8866830044339,218.1844402475294,220.84449248276735,37455600
2024-09-13,220.844482421875,222.37301734416337,220.25887596851652,221.91644846858938,36766600
2024-09-16,214.71046447753906,215.6037619118882,212.32831274384958,214.9288136198369,59357400
2024-09-17,215.1769561767578,215.2861383219032,212.90400170360138,214.14470101422842,45519300
2024-09-18,219.04795837402344,221.05293280374121,215.92138686335736,215.9313221513165,59894900
2024-09-19,227.16709899902344,228.11004268622213,222.95865620671253,223.31597824995185,66781300
2024-09-20,226.50205993652344,231.35567496568984,225.9263736470506,228.25889437635817,318679900
2024-09-23,224.78494262695312,227.742765583781,224.12984974700805,225.64846451262724,54146000
2024-09-24,225.67825317382812,227.64353192764617,224.05045616714196,226.94872814757065,43556100
2024-09-25,224.68569946289062,225.59885242729763,222.3531936181764,223.2564112941643,42308700
2024-09-26,225.82711791992188,226.79982188690562,223.73281698946673,225.6087536412769,36636700
2024-09-27,226.09510803222656,227.81224676693589,225.60876359989413,226.76013618443497,34026000
2024-09-30,231.26634216308594,231.26634216308594,227.94126208675945,228.32835965023514,54541900
2024-10-01,224.52688598632812,227.9412778656533,222.07526286618742,227.81225543239978,63285000
2024-10-02,225.09263610839844,225.67824256269316,221.360617941662,224.20925878310885,32880600
2024-10-03,223.99090576171875,225.12242301224842,221.65839996957536,223.4648504260935,34044200
2024-10-04,225.1125030517578,226.30357145139808,222.46237094034984,226.20430944090455,37245100
2024-10-07,220.04054260253906,224.01078104684052,219.68322053674163,222.82963268641961,39505400
2024-10-08,224.09014892578125,224.29857792676054,221.58889489724396,222.63108533790577,31855700
2024-10-09,227.83212280273438,228.04056698162543,223.15717559100585,223.55419337095574,33591100
2024-10-10,227.3358154296875,227.7923994519787,225.47973405841245,226.0851959438118,28183500
2024-10-11,225.85691833496094,227.70307961960657,225.6484741750507,227.5938974682738,31759200
2024-10-14,229.57901000976562,230.0058033150611,226.89910245149323,226.99834931201846,39882100
2024-10-15,232.1100311279297,235.72294688412148,230.64103225198252,231.87181141001133,64751400
2024-10-16,230.05545043945312,230.39291705034768,228.1298824963092,229.87679699083486,34082200
2024-10-17,230.4226837158203,232.11004699556463,228.8048220166126,231.69315867439417,32993800
2024-10-18,233.25148010253906,234.4226930307779,232.26884075534687,234.4226930307779,46431500
2024-10-21,234.720458984375,235.08771628667242,232.7055644739604,232.7055644739604,36254500
2024-10-22,234.10507202148438,234.46239402859047,230.8693336731526,232.14972869721714,38846600
2024-10-23,229.0430145263672,233.3904297884605,226.06533615950997,232.33831918874512,52287000
2024-10-24,228.85446166992188,229.10260155629064,226.710529416834,228.26884002769643,31109500
2024-10-25,229.68820190429688,231.484732210271,227.86189602437614,228.03062932515897,38802300
2024-10-28,231.6633758544922,232.98348177622344,230.81970938626554,231.5839844241638,36087100
2024-10-29,231.93138122558594,232.5864741436605,230.59143496071306,231.36563017470797,35417200
2024-10-30,228.38795471191406,231.73287549326048,227.8420439394486,230.8792736886572,47070900
2024-10-31,224.2291259765625,228.11995749798112,223.69313535160188,227.63359787833264,64370100
2024-11-01,221.25143432617188,223.67328184782377,218.6310779402587,219.32586653780092,65276700
2024-11-04,220.3581085205078,221.13230364643434,218.07523400035532,219.34570882983752,44944500
2024-11-05,221.78741455078125,222.28369429475046,219.49460455688452,220.14969745378525,28111300
2024-11-06,221.0628662109375,224.3879467919736,219.54425129715867,220.95368405362794,54561100
2024-11-07,225.7874298095703,226.18446269494834,222.89909318788202,222.95864433437472,42137700
2024-11-08,225.51914978027344,227.20835428792034,224.9726384261151,225.72780810336752,38328800
2024-11-11,222.8064727783203,224.26714170400084,220.0938084143074,223.57158868270503,42005600
2024-11-12,222.8064727783203,224.15783943194586,221.9420008205612,223.12444853772337,40398300
2024-11-13,223.69081115722656,225.21109667354565,221.3457931121334,222.5878574334345,48566200
2024-11-14,226.77114868164062,227.41701609796436,223.57158960851197,223.59146688403666,44923900
2024-11-15,223.5715789794922,225.4793879673537,222.84621765747355,224.96268496170848,47923700
2024-11-18,226.5724334716797,228.28151537171908,223.74052045447314,223.82001439888424,44633700
2024-11-19,226.8307647705078,228.6988344551977,225.22105418122663,225.53901477922054,36211800
2024-11-20,227.5461883544922,228.47027695087482,224.45593165289552,226.61215353970658,35169600
2024-11-21,227.06924438476562,228.69883223369175,224.2770861035494,227.42695953023323,42108300
2024-11-22,228.41065979003906,229.25526960886552,226.6121530455377,226.6121530455377,38168300
2024-11-25,231.39163208007812,231.76922452168117,228.2815130321861,229.99059491471002,90152800
2024-11-26,233.56771850585938,234.07449047305911,231.84870566104107,231.84870566104107,45986200
2024-11-27,233.43856811523438,234.19375305105456,232.3256831511884,232.98149686010998,33498400
2024-11-29,235.8233184814453,236.3002669685808,232.48464874765904,233.31931239062584,28481400
2024-12-02,238.06893920898438,239.26131787624368,235.65437354492806,235.76367580720535,48137100
2024-12-03,241.10952758789062,241.21882985808793,237.3833345065081,238.28756099978403,38861000
2024-12-04,241.4672393798828,242.5602620666903,239.71841824290905,241.32812877991805,44383900
2024-12-05,241.4970703125,242.98754766386446,240.59285890906452,242.44105143123323,40033900
2024-12-06,241.29832458496094,243.0769692456264,240.5431549096241,241.36788746709487,36870600
2024-12-09,245.18348693847656,245.67038159068719,240.21522985765637,240.29472379037958,44649200
2024-12-10,246.19703674316406,246.63424582967986,243.7824557106041,245.32261857013248,36914800
2024-12-11,244.92515563964844,249.2077910379196,244.69660488558225,246.38582450957213,45205800
2024-12-12,246.38583374023438,247.1608807008323,244.12029436088807,245.32261935264157,32777500
2024-12-13,246.5547332763672,247.7073574078961,244.6767326870094,246.24670376010008,33155300
2024-12-16,249.44627380371094,249.7841268474892,246.07779571830554,246.4156487620838,51694800
2024-12-17,251.87075805664062,252.2185421189052,248.19425082976375,248.49234928857376,51356400
2024-12-18,246.47525024414062,252.66569465886903,246.16722071424974,250.559158393614,56774100
2024-12-19,248.20419311523438,250.400169527173,245.5213371883983,245.92873792847348,60882300
2024-12-20,252.8743896484375,253.3811464831127,244.13025293349912,246.4653249902114,147495300
2024-12-23,253.64942932128906,254.02700659111463,251.84097626600598,253.15260355822258,40858800
2024-12-24,256.5608215332031,256.5707374276886,253.66927695641888,253.868019379837,23234700
2024-12-26,257.37554931640625,258.44870970386563,255.9943897750778,256.55083207826743,27237100
2024-12-27,253.96737670898438,257.05764856283577,251.45343969164696,256.19314630806485,42355300
2024-12-30,250.59890747070312,251.890657464443,249.15811581542044,250.6287158030117,35557500
2024-12-31,248.83021545410156,251.6720594492945,247.84649497663966,250.83739579916153,39480700
